ID,Tipo,SKU,"GTIN, UPC, EAN o ISBN",Nombre,Publicado,"¿Está destacado?","Visibilidad en el catálogo","Descripción corta",Descripción,"Día en que empieza el precio rebajado","Día en que termina el precio rebajado","Estado del impuesto","Clase de impuesto",¿Existencias?,Inventario,"Cantidad de bajo inventario","¿Permitir reservas de productos agotados?","¿Vendido individualmente?","Peso (kg)","Longitud (cm)","Anchura (cm)","Altura (cm)","¿Permitir valoraciones de clientes?","Nota de compra","Precio rebajado","Precio normal",Categorías,Etiquetas,"Clase de envío",Imágenes,"Límite de descargas","Días de caducidad de la descarga",Superior,"Productos agrupados","Ventas dirigidas","Ventas cruzadas","URL externa","Texto del botón",Posición,"Swatches Attributes",Marcas
8366,simple,BIO-PROST-P3,000000000000000000,"Bio Prost Pack x3 – Salud prostática y bienestar masculino",1,0,visible,"SUPLEMENTO NUTRICIONAL BIOPROST – Apoyo Natural para la Salud Prostática y Masculina\n<p class="""" data-start=""373"" data-end=""836""><strong data-start=""373"" data-end=""385"">Bioprost</strong> es un suplemento nutricional 100% natural, formulado especialmente para hombres que desean fortalecer la salud de su próstata y sistema urogenital. Su avanzada mezcla de ingredientes botánicos contribuye a limpiar, desinflamar y revitalizar la próstata, aliviando molestias comunes como la dificultad para orinar, la inflamación y la baja libido. Ideal para hombres mayores de 40 años o para quienes buscan un apoyo integral a su vitalidad masculina.</p>\n<p class="""" data-start=""838"" data-end=""1022"">Este producto no es un medicamento, sino un <strong data-start=""882"" data-end=""941"">suplemento alimenticio natural para la salud prostática</strong>, elaborado bajo estándares de calidad que garantizan su efectividad y seguridad.</p>\n\n\n<hr class="""" data-start=""1024"" data-end=""1027"" />\n\n<h3 class="""" data-start=""1029"" data-end=""1068"">🌿 <strong data-start=""1036"" data-end=""1068"">Beneficios Clave de Bioprost</strong></h3>\n<ul data-start=""1070"" data-end=""1937"">\n 	<li class="""" data-start=""1070"" data-end=""1200"">\n<p class="""" data-start=""1072"" data-end=""1200""><strong data-start=""1072"" data-end=""1107"">🧼 Limpieza Prostática Profunda</strong>: Ayuda a eliminar toxinas acumuladas en la próstata, promoviendo su correcto funcionamiento.</p>\n</li>\n 	<li class="""" data-start=""1201"" data-end=""1310"">\n<p class="""" data-start=""1203"" data-end=""1310""><strong data-start=""1203"" data-end=""1234"">🔥 Antiinflamatorio Natural</strong>: Reduce la inflamación prostática y mejora la salud del sistema urogenital.</p>\n</li>\n 	<li class="""" data-start=""1311"" data-end=""1441"">\n<p class="""" data-start=""1313"" data-end=""1441""><strong data-start=""1313"" data-end=""1337"">🚻 Mejora la Micción</strong>: Facilita el flujo urinario, disminuyendo molestias como el ardor o la sensación de vaciado incompleto.</p>\n</li>\n 	<li class="""" data-start=""1442"" data-end=""1544"">\n<p class="""" data-start=""1444"" data-end=""1544""><strong data-start=""1444"" data-end=""1488"">💪 Impulso a la Función Sexual Masculina</strong>: Mejora la calidad de la erección y potencia la libido.</p>\n</li>\n 	<li class="""" data-start=""1545"" data-end=""1678"">\n<p class="""" data-start=""1547"" data-end=""1678""><strong data-start=""1547"" data-end=""1591"">🧬 Apoyo en Casos de Hiperplasia Benigna</strong>: Alivia los síntomas comunes como la necesidad frecuente de orinar o el dolor pélvico.</p>\n</li>\n 	<li class="""" data-start=""1679"" data-end=""1813"">\n<p class="""" data-start=""1681"" data-end=""1813""><strong data-start=""1681"" data-end=""1719"">📈 Aumento Natural de Testosterona</strong>: Estimula la producción natural de testosterona, favoreciendo el rendimiento físico y mental.</p>\n</li>\n 	<li class="""" data-start=""1814"" data-end=""1937"">\n<p class="""" data-start=""1816"" data-end=""1937""><strong data-start=""1816"" data-end=""1858"">🙂 Bienestar General y Estado de Ánimo</strong>: Eleva la energía diaria y mejora el humor, gracias a su efecto revitalizante.</p>\n</li>\n</ul>","<p data-start=""239"" data-end=""556"">Cuida tu bienestar masculino con <strong data-start=""322"" data-end=""335"">Bio Prost</strong>, un suplemento natural formulado para apoyar la <strong data-start=""384"" data-end=""430"">salud de la próstata y el sistema urinario</strong>. Gracias a sus extractos de plantas y antioxidantes, ayuda a prevenir molestias comunes en hombres a partir de los 40 años.</p>\n\n<ul data-start=""558"" data-end=""948"">\n 	<li data-start=""558"" data-end=""667"">\n<p data-start=""560"" data-end=""667""><strong data-start=""560"" data-end=""593"">Apoyo prostático masculino 💪</strong>: contribuye a mantener el tamaño y la función prostática en equilibrio.</p>\n</li>\n 	<li data-start=""668"" data-end=""764"">\n<p data-start=""670"" data-end=""764""><strong data-start=""670"" data-end=""701"">Mejora el flujo urinario 🚻</strong>: ayuda a reducir la frecuencia de visitas nocturnas al baño.</p>\n</li>\n 	<li data-start=""765"" data-end=""858"">\n<p data-start=""767"" data-end=""858""><strong data-start=""767"" data-end=""802"">Energía y vitalidad masculina ⚡</strong>: fortalece el bienestar general y la calidad de vida.</p>\n</li>\n 	<li data-start=""859"" data-end=""948"">\n<p data-start=""861"" data-end=""948""><strong data-start=""861"" data-end=""890"">Fórmula natural segura 🌿</strong>: a base de extractos vegetales, sin químicos agresivos.</p>\n</li>\n</ul>\n<p data-start=""950"" data-end=""1074"">✅ Presentación en cápsulas fáciles de tomar<br data-start=""993"" data-end=""996"" />✅ Suplemento natural de uso diario<br data-start=""1030"" data-end=""1033"" />✅ Ideal para hombres mayores de 40 años</p>\n<p data-start=""1076"" data-end=""1185""><strong data-start=""1076"" data-end=""1183"">Compra ahora y recibe Bio Prost en cualquier parte del Perú. ¡Protege tu próstata y tu calidad de vida!</strong></p>",,,taxable,,1,20,,0,0,0.4,10,25,10,1,,239,544,"Para ti > Para Hombres, Para ti, Por Necesidad, Por Necesidad > Prostata","bienestar urinario, bio prost, hombre adulto, pack prostático, próstata saludable, salud prostática, suplemento masculino",,https://comprasaludable.com/wp-content/uploads/2025/05/Captura-de-pantalla-2025-05-19-210508.jpg,,,,,,,,,0,,
40944,simple,GLYCO-NORM-P3,,"Glyconorm Pack x3 – Controla tu glucosa y mejora tu energía",1,1,visible,," Suplemento Natural para el Control de la Glucosa Glyconorm es un suplemento 100% natural diseñado para ayudar a mantener niveles saludables de azúcar en la sangre. \n\nSus ingredientes activos contribuyen a: \nReducir la concentración de glucosa en sangre. \nLimpiar las paredes de los vasos sanguíneos. \nEstabilizar el equilibrio agua-sal y mejorar el metabolismo. \nCombatir la inflamación. Apoyar la producción natural de insulina. \nAcelerar el metabolismo y prevenir la diabetes. \nReducir el apetito y los antojos de dulces.\n\n Ingredientes Clave: \nAlcachofa: Normaliza la glucosa y mejora la salud de piel, cabello y uñas. \nYacón: Ayuda a controlar el azúcar en sangre y reduce el apetito. \nPasuchaca: Potente antidiabético y depurador de sangre. \nCuti Cuti: Reduce los niveles de azúcar y regula la menstruación. \nCúrcuma: Antiinflamatorio natural con múltiples beneficios para la salud. \n\nGlyconorm: Apoyo natural para un estilo de vida saludable.",,,taxable,,1,20,,0,0,,,,,1,,239,544,"Ofertas Especiales > 2x1 y Combos, Por Necesidad > Control de Glucosa, cyber, Ofertas Especiales > Descuentos por tiempo limitado, navidad, Ofertas Especiales, Pack X3, Para ti, Por Necesidad, Productos Destacados","azúcar en sangre, bienestar metabólico, control de glucosa, energía estable, Glyconorm, pack metabólico, suplemento natural",,https://comprasaludable.com/wp-content/uploads/2025/07/D_NQ_NP_2X_657169-MPE80198002399_102024-F-glyconorm-suplemento-natural-pack-3-frascos.webp,,,,,,,,,0,,
44558,simple,FLEX-CREM-P3,,"Flexacil Ultra en Crema - Pack x3",1,0,visible,,"Flexacil Ultra Crema es un producto 100% natural diseñado para aliviar el dolor y la inflamación en las articulaciones y músculos. Su fórmula única combina ingredientes con propiedades antiinflamatorias, analgésicas y antioxidantes que brindan un alivio profundo y mejoran la movilidad.\n\nBeneficios:\n\n1. Alivio del dolor y la inflamación: Reduce la inflamación y rigidez en manos, rodillas, tobillos y otras zonas afectadas.\n2. Mejora de la movilidad: Promueve la regeneración de tejidos y mejora la circulación.\n3. Prevención de enfermedades degenerativas: Ayuda a prevenir enfermedades como artritis y artrosis, contribuyendo a fortalecer las articulaciones y mantener su función.\n4. Relajación muscular: Relaja los músculos tensos, aliviando calambres y fatiga.\n\nIngredientes Clave:\n\n- Aceite de Té Verde: Propiedades antioxidantes que protegen el cartílago.\n\n- No solo alivia el dolor articular y muscular, sino que también combate la artritis y la osteoporosis.\n- Recupere su movilidad y disfrute de una vida sin dolor, mientras fortalece las articulaciones y los huesos.\n-Extracto de Ortiga: Reduce la inflamación y regula el sistema inmunológico.\n- Alcanfor y - Mentol: Sensaciones de calor y frío que alivian el dolor y relajan.\n-Extracto de Romero y Árnica: Mejora la movilidad y reduce el dolor articular.\n- Aceite de Eucalipto: Relaja los músculos y reduce la hinchazón.\n\nModo de Uso:\n\n1. Aplique una pequeña cantidad de crema sobre la zona afectada.\n2. Masajee suavemente hasta que se absorba completamente.\n3. Use dos veces al día —por la mañana y por la noche— para obtener los mejores resultados.",,,taxable,,1,20,,0,0,,,,,1,,245,544,"Ofertas Especiales > 2x1 y Combos, Para ti > Adultos Mayores (50+), Por Necesidad > Dolor Articular, Ofertas Especiales, Pack X3, Para ti","alivio articular, crema para articulaciones, dolor muscular, flexacil crema, masaje terapéutico, pack articulaciones",,https://comprasaludable.com/wp-content/uploads/2025/07/D_NQ_NP_2X_747605-MPE81391108379_122024-F-flexacil-ultra-crema-pack-3-cajas.webp,,,,,,,,,0,,
44586,simple,ALPHA-MAN-P3,,"ALPHAMAN SUPLEMENTO NUTRICIONAL - PACK X3",1,0,visible,,"Alphaman es un suplemento diseñado para mejorar la vitalidad masculina, enfocándose en el rendimiento físico, la salud sexual y el bienestar general.\n\nBeneficios:\n\n- Mayor vitalidad y energía\n- Mejora de la salud sexual y la calidad de las erecciones\n- Reducción del estrés\n- Apoyo antioxidante\n- Optimización hormonal\n\nIngredientes clave:\n\n- Maca negra: Vitalidad y calidad de las erecciones\n- Huanarpo macho: Producción de testosterona y deseo sexual\n- Algarrobo: Energía física y mental\n- Camu camu: Antioxidantes y flujo sanguíneo",,,taxable,,1,20,,0,0,,,,,1,,239,544,"Ofertas Especiales > 2x1 y Combos, cyber, Ofertas Especiales > Descuentos por tiempo limitado, navidad, Ofertas Especiales, Pack X3, Para ti > Para Hombres, Para ti, Por Necesidad, Sin categorizar","alphaman, bienestar masculino, energía hombre, pack masculino, rendimiento diario, suplemento masculino, vitalidad masculina",,"https://comprasaludable.com/wp-content/uploads/2025/07/image-1.jpg, https://comprasaludable.com/wp-content/uploads/2025/07/image-2.jpg",,,,,,,,,0,,
44588,simple,143519391,,"Flexacil Ultra Pack X3 - Capsulas + Crema",1,1,visible,,"Flexacil es un suplemento diseñado para ayudar a restaurar y mantener la salud de las articulaciones, especialmente para personas que padecen de artritis.\n\nBeneficios\n\n1. Aliviar dolores articulares: Reduce la inflamación y el dolor en las articulaciones.\n2. Mejorar la función articular: Aumenta la lubricación y reduce la rigidez en las articulaciones.\n3. Fortalecer los cartílagos: Estimula la producción de condroitina, una sustancia clave para la salud del cartílago.\n4. Reducir la inflamación: Gracias a las propiedades antiinflamatorias de sus ingredientes.\n\nIngredientes\n\n- Colágeno hidrolizado\n- Harina de arándanos\n- Cartílago de tiburón\n- Uña de gato\n- Cúrcuma\n- Magnesio\n\nCómo Tomar Flexacil\n\n1. Tomar 2 cápsulas diarias, una por la mañana y otra por la noche antes de las comidas.\n2. Curso mínimo recomendado: 1 mes (3 frascos)",,,taxable,,1,20,,0,0,,,,,1,,245,544,"Para ti > Adultos Mayores (50+), cyber, Ofertas Especiales > Descuentos por tiempo limitado, Por Necesidad > Dolor Articular, navidad, Ofertas Especiales, Pack X3, Para ti, Por Necesidad, Productos Destacados","aliviar dolor articular, antiinflamatorio natural, artritis tratamiento natural, colágeno para articulaciones, salud articular, suplemento para articulaciones",,https://comprasaludable.com/wp-content/uploads/2025/07/image-3.jpg,,,,,,,,,0,,
44590,simple,144300809,,"Ultra Omega Super Junior Gold Leaf -250 gels blandos",1,0,visible,,"El Ultra Omega Super Junior Gold Leaf es un suplemento de ácidos grasos omega-3 diseñado para niños y adolescentes. Este producto proporciona una fuente concentrada de omega-3, esencial para el desarrollo y función cerebral, salud ocular y sistema inmunológico.\n\nBeneficios\n\n- Desarrollo Cerebral: Los ácidos grasos omega-3 son fundamentales para el desarrollo y función cerebral en niños y adolescentes, mejorando la concentración y el rendimiento académico.\n- Salud Ocular: Los omega-3 también son importantes para la salud ocular y pueden ayudar a prevenir problemas de visión.\n- Sistema Inmunológico: Los omega-3 pueden ayudar a fortalecer el sistema inmunológico, reduciendo la inflamación y mejorando la respuesta inmune.\n\nCaracterísticas del Producto\n\n- Fórmula para Niños: El Ultra Omega Super Junior Gold Leaf está diseñado específicamente para niños y adolescentes, con una dosis adecuada para sus necesidades.\n- Sabor Agradable: El producto puede tener un sabor agradable para niños, lo que facilita su consumo.\n\nModo de Uso\n\n- Dosis Recomendada: La dosis recomendada puede variar dependiendo de la edad y necesidades individuales del niño. Es importante seguir las instrucciones del fabricante y consultar con un profesional de la salud antes de iniciar el suplemento.\n\nPrecauciones\n\n- Consultar con un Profesional de la Salud",,,taxable,,1,20,,0,0,,,,,1,,,123,"Para ti > Para Niños, Para ti","desarrollo cerebral infantil, fortalecer sistema inmunológico infantil, omega 3 para niños, salud ocular en niños, suplemento infantil omega 3, suplemento para concentración infantil",,https://comprasaludable.com/wp-content/uploads/2025/07/image-4.jpg,,,,,,,,,0,,
44599,simple,CRDX-HEART-P3,,"Cardiox Pack x3 – Corazón fuerte y circulación saludable",1,0,visible,,"Cardiox es un suplemento natural que apoya la salud cardiovascular, normalizando la presión arterial y mejorando la elasticidad del sistema vascular.\n\nBeneficios:\n\n1. Normalización de la Presión Arterial: Efecto inmediato desde la primera dosis.\n2. Elasticidad Vascular: Mejora el tono del sistema vascular.\n3. Reducción de la Fatiga: Elimina la fatiga ininterrumpida durante el día.\n4. Prevención Cardiaca: Reduce el riesgo de ataques cardiacos y sus consecuencias.\n5. Alivio de Dolores: Relaja dolores de cabeza y calambres musculares.\n\nComponentes:\n\n- Alcachofa\n- Sacha Inchi\n- Ajos\n- Cola de Caballo\n- Diente de León\n- Jengibre\n\nModo de Uso:\n- Dosis recomendada: 2 cápsulas diarias.\n- 1 cápsula: 30 minutos antes del desayuno.\n- 1 cápsula: 30 minutos antes del almuerzo.\n- Importante: Consumir sin interrupciones durante la duración del tratamiento.",,,taxable,,1,20,,0,0,,,,,1,,239,500,"Ofertas Especiales > 2x1 y Combos, Por Necesidad > Estreñimiento y Digestión, Por Necesidad > Más Energía y Vitalidad, Ofertas Especiales, Para ti","bienestar cardíaco, cardiox, circulación sanguínea, corazón saludable, pack corazón, salud cardiovascular, suplemento cardiovascular",,https://comprasaludable.com/wp-content/uploads/2025/07/image.jpg,,,,,,,,,0,,
44603,simple,144170392,,"Ashwagandha con Melatonina y Magnesio Gold Leaf 100 capsulas",1,0,visible,,"Suplemento para promover un sueño profundo, reducir el estrés y mejorar la recuperación diaria. Fórmula con Ashwagandha, Melatonina y Magnesio de alta pureza, fabricado en EE. UU. bajo estándares GMP.\n\nBENEFICIOS PRINCIPALES\n\nSueño reparador: Melatonina regula el ciclo nocturno.\n\nMenos estrés: Ashwagandha adapta al cuerpo para controlar el cortisol.\n\nMejor energía: Descanso profundo que evita despertares y fatiga al despertar.\n\nCARACTERÍSTICAS\n\nContenido por cápsula: 500 mg Ashwagandha + Melatonina + Magnesio.\n\nDosis sugerida: 1 cápsula antes de dormir.\n\nDuración: 60 días (2 cápsulas semanales en total).\n\nFabricación: EE. UU., certificada GMP, libre de aditivos innecesarios.\n\nMODO DE USO\nTomar 1 cápsula cada noche antes de dormir con agua. No exceder la dosis. Mantener fuera del alcance de los niños y en lugar fresco y seco.\n\nIMPORTANTE\nNo es un medicamento. Consulta a un profesional de la salud si estás embarazada, lactando o tomas medicación.",,,taxable,,1,20,,0,0,,,,,1,,,119,"Por Necesidad > Estrés y Relajación, Por Necesidad > Más Energía y Vitalidad, Ofertas Especiales, Para ti","descanso nocturno sin interrupciones, dormir, magnesio para el sueño, melatonina natural, reducir estrés con ashwagandha, sueño, sueño profundo y reparador, suplemento para dormir",,"https://comprasaludable.com/wp-content/uploads/2025/07/image-5.jpg, https://comprasaludable.com/wp-content/uploads/2025/07/image-6.jpg",,,,,,,,,0,,
44629,simple,10283304950,,"Living Naturals Aceite de orégano 1500 mg: defensa inmune y digestiva (100 caps)",1,0,visible,,"Aceite de orégano Living Natural en cápsulas blandas de 1500 mg (frasco x100). Ideal para quienes buscan un refuerzo natural y práctico en su rutina diaria.\n• Refuerza tus defensas: el aceite es rico en carvacrol y timol, compuestos con potente acción antibacteriana, antiviral y antifúngica demostrada en estudios recientes.\n• Apoya la salud digestiva e intestinal: puede ayudar a controlar bacterias dañinas y favorecer el equilibrio del microbioma (p. ej., sobrecrecimiento bacteriano).\n• Antioxidante y antiinflamatorio natural: estos fenoles ayudan a neutralizar radicales libres y reducir procesos inflamatorios.\n• Respiratorio: su uso se asocia a soporte para vías respiratorias en temporadas de frío.",,,taxable,,1,20,,0,0,,,,,1,,,119,"Por Necesidad > Estreñimiento y Digestión, Para ti, Por Necesidad > Sistema Inmunológico Fuerte","100 cápsulas, 1500 mg, aceite de orégano, antifúngico, antioxidante, bienestar natural, cápsulas blandas, cápsulas de orégano, carvacrol, inmunidad, Lima, Living Natural, salud digestiva, salud respiratoria, suplemento natural, suplemento salud Perú, tienda online salud, timol",,https://comprasaludable.com/wp-content/uploads/2025/07/Aceite-de-oregano.png,,,,,,,,,0,,
44631,simple,reveratrolcomplex333,,"Gold Leaf Resveratrol Complex 60 cápsulas: corazón y salud celular",1,0,visible,,"Resveratrol Complex de Gold Leaf Nutritionals (frasco x60 cápsulas). Un polifenol potente para quienes buscan proteger su corazón y sus células de forma natural.\n• Apoyo cardiovascular: el resveratrol puede ayudar a proteger los vasos sanguíneos y reducir el colesterol LDL y la presión arterial en algunos estudios clínicos.\n• Antioxidante y antiinflamatorio: actúa sobre múltiples vías celulares combatiendo radicales libres y procesos inflamatorios.\n• Metabolismo y glucosa: meta análisis reportan mejoras en sensibilidad a la insulina y disminución de glucosa en sangre.\n• Envejecimiento saludable / SIRT1: se ha vinculado con la activación de sirtuinas, involucradas en reparación celular y longevidad.\nDosis habituales en estudios humanos rondan los 500 mg/día; dosis muy altas pueden causar malestar digestivo. Consulta siempre con tu profesional de salud",,,taxable,,1,20,,0,0,,,,,1,,,123,"Por Necesidad > Más Energía y Vitalidad, Por Necesidad > Memoria y concentración, Para ti","60 cápsulas, antiinflamatorio, antioxidante natural, antioxidantes uva, bienestar celular, glucosa sangre, Gold Leaf Nutritionals, Lima, longevidad, polifenoles, presión arterial, resveratrol, resveratrol complex, salud cardiovascular, sirtuinas, suplemento corazón, suplemento natural Perú",,https://comprasaludable.com/wp-content/uploads/2025/07/Gold-leaf-complex-1.png,,,,,,,,,0,,"Gold Leaf"
44633,simple,ASHMELMG100CPE,,"Gold Leaf -Ashwagandha + Melatonina + Magnesio 100 caps: duerme de verdad",1,0,visible,,"Acabas el día molido y aún así no pegas ojo? Esta fórmula Triple Action de Gold Leaf Nutritionals combina ashwagandha 500 mg, melatonina y magnesio para que bajes revoluciones, relajes el cuerpo y duermas como se debe.\n\nMenos estrés, menos cortisol: la ashwagandha ayuda a “apagar” la mente y equilibrar el cortisol, ideal para el ritmo de chamba, tráfico y mil pendientes.\n\nTe duermes más rápido y sin interrupciones: la melatonina sincroniza tu reloj interno para un sueño profundo y continuo.\n\nRelajación muscular total: el magnesio apoya el sistema nervioso y evita esos espasmos o calambres nocturnos.\n\nCápsulas vegetales, fáciles de tragar y sin azúcar añadida.\n\n💡 Úsalo siguiendo la dosis del envase o consulta a tu médico si tomas medicación.\nCompra ahora, recibe en todo el Perú y despierta con energía.",,,taxable,,1,20,,0,0,,,,,1,,,123,"Por Necesidad > Estrés y Relajación, Por Necesidad > Más Energía y Vitalidad, Ofertas Especiales, Para ti, Productos Destacados","100 cápsulas, adaptógeno, ashwagandha, bienestar, cortisol, estrés, Gold Leaf Nutritionals, insomnio, Lima, magnesio, melatonina, relajación muscular, salud mental, sueño profundo, suplemento natural Perú, suplemento para dormir",,https://comprasaludable.com/wp-content/uploads/2025/07/Awhsgawhganda-con-magnedio.png,,,,,,,,,0,,
44635,simple,GLN-NAD-RES-CQ10,,"Gold Leaf -NAD+ Resveratrol + CoQ10 500 mg (90 caps): energía celular",1,0,visible,,"¿Te sientes drenado después de la chamba y los pendientes del día? Este combo NAD+ + Resveratrol + Coenzima Q10 de Gold Leaf Nutritionals (500 mg por cápsula, frasco x90) está diseñado para darle power a tus células, proteger tu corazón y que te mantengas activo sin bajar el ritmo.\n\nEnergía desde adentro: el NAD+ es clave para producir ATP (tu “gasolina” celular). Más ATP = más rendimiento mental y físico.\n\nAntioxidante premium: el resveratrol combate radicales libres y apoya la salud cardiovascular.\n\nCoQ10 para el corazón y la resistencia: ayuda al músculo cardíaco y mejora la recuperación tras el ejercicio.\n\nFórmula inteligente 3 en 1: menos pastillas sueltas, más resultados en tu rutina.\n\n✅ Cápsulas fáciles de tragar\n✅ Hecho en USA / fórmula premium\n🚚 Compra ahora y recibe en cualquier región del Perú. ¡No te quedes sin energía!",,,taxable,,1,20,,0,0,,,,,1,,,125,"Ofertas Especiales > Descuentos por tiempo limitado, Por Necesidad > Estrés y Relajación, Por Necesidad > Más Energía y Vitalidad, Ofertas Especiales, Para ti, Sin categorizar","90 cápsulas, antiage natural, antioxidante, coenzima q10, coq10, energía celular, Gold Leaf Nutritionals, Lima, nad+, rendimiento físico, resveratrol, salud cardiovascular, suplemento bienestar, suplemento natural Perú, tienda online salud",,https://comprasaludable.com/wp-content/uploads/2025/07/WhatsApp-Image-2025-08-23-at-9.20.58-PM-1.jpeg,,,,,,,,,0,,
44639,simple,PACKNADASHAWGHANDA,,"Pack Energía + Sueño: NAD+ día & Ashwagandha noche (2 productos)",1,1,visible,,"Arranca el día con pilas y acábalo durmiendo como un bebé. Este combo junta dos fórmulas premium de Gold Leaf Nutritionals:\n\n🌞 Día – NAD+ + Resveratrol + CoQ10 (500 mg, 90 caps)\nImpulsa tu energía celular, foco y resistencia. Ideal para la chamba, el gym o simplemente sobrevivir al tráfico limeño.\n\n🌙 Noche – Ashwagandha + Melatonina + Magnesio (100 caps)\nBaja revoluciones, relaja músculos y concilia un sueño profundo y reparador. Te levantas fresco, sin “resaca” de pastillas.\n\nCómo tomarlo (sugerencia estándar)\n\nMañana: 1 cápsula de NAD+ con el desayuno.\n\nNoche: 1 cápsula de Ashwagandha+Melatonina+Magnesio 30–45 min antes de dormir.\n(Sigue siempre la etiqueta o consulta a tu profesional de salud.)\n\n✅ Fórmulas hechas en USA\n✅ Cápsulas vegetales y fáciles de tragar\n🚚 Envío a todo el Perú\n\nNo te quedes a medias: compra el pack y siente la diferencia desde el primer día.",,,taxable,,1,20,,0,0,,,,,1,,,189,"Ofertas Especiales > 2x1 y Combos, Ofertas Especiales > Descuentos por tiempo limitado, Por Necesidad > Estrés y Relajación, Por Necesidad > Más Energía y Vitalidad, Ofertas Especiales, Para ti, Productos Destacados","ashwagandha, coenzima q10, combo bienestar Perú, estrés, Gold Leaf Nutritionals, insomnio, Lima, magnesio, melatonina, nad+, pack energía y sueño, rendimiento físico, resveratrol, salud celular, suplemento para dormir, suplemento para energía, tienda online salud",,"https://comprasaludable.com/wp-content/uploads/2025/07/954faf8a-2712-4795-9976-c873ae6c6926.png, https://comprasaludable.com/wp-content/uploads/2025/07/bb79a2ff-32a2-4701-a880-0434a00dd660.png, https://comprasaludable.com/wp-content/uploads/2025/07/Adobe-Express-file-1.png, https://comprasaludable.com/wp-content/uploads/2025/07/NAD-SIN-FONDO.png",,,,,,,,,0,,
44712,simple,GL-SHIL-500-90,,"Shilajit 500 mg Gold Leaf - 90 Capsulas",1,0,visible,,"<p data-start=""230"" data-end=""494""><strong data-start=""230"" data-end=""277"">Descripción (persuasiva y peruano-friendly)</strong><br data-start=""277"" data-end=""280"" />¿Cansancio, baja energía o dificultad para concentrarte? El <strong data-start=""340"" data-end=""362"">Shilajit Gold Leaf</strong> (500 mg, 90 cápsulas) es un suplemento natural usado por siglos en la medicina ayurvédica y hoy respaldado por estudios modernos.</p>\n\n<ul data-start=""496"" data-end=""956"">\n 	<li data-start=""496"" data-end=""604"">\n<p data-start=""498"" data-end=""604""><strong data-start=""498"" data-end=""531"">Energía natural todo el día ⚡</strong>: estimula la producción de ATP, mejorando rendimiento físico y mental.</p>\n</li>\n 	<li data-start=""605"" data-end=""745"">\n<p data-start=""607"" data-end=""745""><strong data-start=""607"" data-end=""646"">Refuerza la memoria y el enfoque 🧠</strong>: apoya la función cerebral y la claridad mental, ideal para largas jornadas de chamba o estudio.</p>\n</li>\n 	<li data-start=""746"" data-end=""855"">\n<p data-start=""748"" data-end=""855""><strong data-start=""748"" data-end=""775"">Soporte inmunológico 💪</strong>: fortalece defensas gracias a su alto contenido de minerales y ácido fúlvico.</p>\n</li>\n 	<li data-start=""856"" data-end=""956"">\n<p data-start=""858"" data-end=""956""><strong data-start=""858"" data-end=""886"">Vitalidad y anti-aging ✨</strong>: combate el desgaste celular, ayudando a mantenerte joven y activo.</p>\n</li>\n</ul>\n<p data-start=""958"" data-end=""1056"">✅ 90 cápsulas fáciles de tomar<br data-start=""988"" data-end=""991"" />✅ Fórmula premium, hecha en USA<br data-start=""1022"" data-end=""1025"" />✅ Apto para hombres y mujeres</p>\n<p data-start=""1058"" data-end=""1154""><strong data-start=""1058"" data-end=""1154"">Compra ahora y recibe tu Shilajit en todo el Perú. ¡Recupera tu energía y vitalidad natural!</strong></p>",,,taxable,,1,20,,0,0,,,,,0,,,123,"Por Necesidad > Más Energía y Vitalidad, Por Necesidad > Memoria y concentración, Para ti, Sin categorizar, Por Necesidad > Sistema Inmunológico Fuerte","bienestar integral, energía natural, gold leaf shilajit, shilajit, shilajit 500 mg, suplemento mineral, vitalidad",,"https://comprasaludable.com/wp-content/uploads/2025/08/WhatsApp-Image-2025-07-31-at-11.33.59-AM-1.jpeg, https://comprasaludable.com/wp-content/uploads/2025/08/WhatsApp-Image-2025-07-31-at-11.33.59-AM.jpeg",,,,,,,,,0,,
44721,simple,GL-ASTA-6MG-90,,"Astaxanthin Gold Leaf 6 mg- 90 cápsulas",1,0,visible,,"Astaxanthin 6 mg Gold Leaf – Antioxidante piel, ojos y articulaciones.\n<p data-start=""232"" data-end=""538"">¿Quieres un antioxidante realmente poderoso? El <strong data-start=""330"" data-end=""355"">Astaxanthin Gold Leaf</strong> (6 mg por cápsula, frasco x90) es conocido como “el rey de los antioxidantes”, con una potencia hasta <strong data-start=""458"" data-end=""496"">6000 veces mayor que la vitamina C</strong> y mucho más efectivo que la vitamina E.</p>\n\n<ul data-start=""540"" data-end=""971"">\n 	<li data-start=""540"" data-end=""657"">\n<p data-start=""542"" data-end=""657""><strong data-start=""542"" data-end=""591"">Protege tu piel y retrasa el envejecimiento ✨</strong>: combate arrugas, manchas y resequedad por sol y contaminación.</p>\n</li>\n 	<li data-start=""658"" data-end=""755"">\n<p data-start=""660"" data-end=""755""><strong data-start=""660"" data-end=""679"">Salud ocular 👀</strong>: refuerza la vista frente a pantallas, luz solar intensa y fatiga visual.</p>\n</li>\n 	<li data-start=""756"" data-end=""860"">\n<p data-start=""758"" data-end=""860""><strong data-start=""758"" data-end=""798"">Articulaciones y músculos fuertes 💪</strong>: ayuda a reducir inflamación y dolor tras actividad física.</p>\n</li>\n 	<li data-start=""861"" data-end=""971"">\n<p data-start=""863"" data-end=""971""><strong data-start=""863"" data-end=""895"">Escudo antioxidante total 🛡</strong>: neutraliza radicales libres, cuidando corazón, cerebro y sistema inmune.</p>\n</li>\n</ul>\n&nbsp;",,,taxable,,1,20,,0,0,,,,,1,,,123,"Por Necesidad > Más Energía y Vitalidad, Ofertas Especiales, Para ti, Por Necesidad, Por Necesidad > Problemas de Piel y Acne","antiedad, antioxidante natural, astaxanthin, astaxantina 6 mg, bienestar celular, gold leaf astaxanthin, piel saludable",,"https://comprasaludable.com/wp-content/uploads/2025/08/WhatsApp-Image-2025-08-23-at-4.02.44-PM-1.jpeg, https://comprasaludable.com/wp-content/uploads/2025/08/WhatsApp-Image-2025-08-23-at-4.02.44-PM-1.jpeg, https://comprasaludable.com/wp-content/uploads/2025/08/WhatsApp-Image-2025-08-23-at-4.02.44-PM-2.jpeg",,,,,,,,,0,,
44732,simple,,,"Oregano Oil + Garlic + Zinc de Herbalmax - 60 cápsulas blandas",1,0,visible,,"<p data-start=""209"" data-end=""487"">Refuerza tus defensas y cuida tu piel con la fórmula 3 en 1 de <strong data-start=""322"" data-end=""344"">Nature’s Herbalmax</strong>: <strong data-start=""346"" data-end=""380"">Aceite de orégano + Ajo + Zinc</strong>. Cada cápsula blanda concentra antioxidantes y minerales que apoyan tu salud integral de forma práctica.</p>\n\n<ul data-start=""489"" data-end=""956"">\n 	<li data-start=""489"" data-end=""619"">\n<p data-start=""491"" data-end=""619""><strong data-start=""491"" data-end=""516"">Defensas al máximo 💪</strong>: el zinc y el ajo potencian tu sistema inmune, ayudando a protegerte de resfríos y cambios de clima.</p>\n</li>\n 	<li data-start=""620"" data-end=""747"">\n<p data-start=""622"" data-end=""747""><strong data-start=""622"" data-end=""649"">Antioxidante natural 🌿</strong>: el aceite de orégano es rico en carvacrol, conocido por combatir bacterias y radicales libres.</p>\n</li>\n 	<li data-start=""748"" data-end=""853"">\n<p data-start=""750"" data-end=""853""><strong data-start=""750"" data-end=""786"">Cabello, uñas y piel más sanos ✨</strong>: el zinc contribuye a su fortalecimiento y apariencia saludable.</p>\n</li>\n 	<li data-start=""854"" data-end=""956"">\n<p data-start=""856"" data-end=""956""><strong data-start=""856"" data-end=""889"">Fórmula canadiense premium 🍁</strong>: cápsulas softgel fáciles de tomar, libres de azúcares añadidos.</p>\n</li>\n</ul>\n<p data-start=""958"" data-end=""1063"">✅ 60 cápsulas blandas<br data-start=""979"" data-end=""982"" />✅ Suplemento importado de Canadá<br data-start=""1014"" data-end=""1017"" />✅ Ideal para uso diario de hombres y mujeres</p>\n<p data-start=""1065"" data-end=""1187""><strong data-start=""1065"" data-end=""1185"">Compra hoy mismo y recibe tu frasco en cualquier parte del Perú. ¡Protege tus defensas y luce radiante naturalmente!</strong></p>",,,taxable,,1,20,,0,0,,,,,1,,,119,"Ofertas Especiales > Descuentos por tiempo limitado, Por Necesidad > Estreñimiento y Digestión, Ofertas Especiales, Para ti",,,"https://comprasaludable.com/wp-content/uploads/2025/08/WhatsApp-Image-2025-07-01-at-8.53.41-PM.jpeg, https://comprasaludable.com/wp-content/uploads/2025/08/WhatsApp-Image-2025-07-01-at-8.53.41-PM.jpeg",,,,,,,,,0,,HerbalMax
44735,simple,HB-VITE-1000-100,,"Vitamin E 1000 IU 1400 mg de Herbalmax - 100 Capsulas",1,0,visible,,"<p data-start=""255"" data-end=""535"">¿Buscas un antioxidante potente para proteger tu corazón y tu piel? La <strong data-start=""376"" data-end=""421"">Vitamina E 1000 IU (1400 mg) de Herbalmax</strong> en softgels es tu aliada diaria contra el daño oxidativo, ideal para mantenerte joven, con energía y saludable.</p>\n\n<ul data-start=""537"" data-end=""977"">\n 	<li data-start=""537"" data-end=""666"">\n<p data-start=""539"" data-end=""666""><strong data-start=""539"" data-end=""566"">Antioxidante poderoso ✨</strong>: combate radicales libres que dañan tus células, ayudando a retrasar el envejecimiento prematuro.</p>\n</li>\n 	<li data-start=""667"" data-end=""759"">\n<p data-start=""669"" data-end=""759""><strong data-start=""669"" data-end=""701"">Protección cardiovascular ❤️</strong>: apoya la salud del corazón y la circulación sanguínea.</p>\n</li>\n 	<li data-start=""760"" data-end=""875"">\n<p data-start=""762"" data-end=""875""><strong data-start=""762"" data-end=""804"">Piel, cabello y uñas más saludables 🌿</strong>: favorece la regeneración celular y mejora la apariencia de tu piel.</p>\n</li>\n 	<li data-start=""876"" data-end=""977"">\n<p data-start=""878"" data-end=""977""><strong data-start=""878"" data-end=""900"">Absorción eficaz ✅</strong>: cápsulas blandas (softgels) para mejor biodisponibilidad y fácil consumo.</p>\n</li>\n</ul>\n<p data-start=""979"" data-end=""1082"">✅ 100 cápsulas blandas<br data-start=""1001"" data-end=""1004"" />✅ Hecho en Canadá, calidad premium<br data-start=""1038"" data-end=""1041"" />✅ Suplemento antioxidante de uso diario</p>\n<p data-start=""1084"" data-end=""1220""><strong data-start=""1084"" data-end=""1218"">Compra ahora y recibe tu Vitamina E Herbalmax en cualquier parte del Perú. ¡Protege tu corazón y tu belleza natural desde adentro!</strong></p>",,,taxable,,1,20,,0,0,,,,,1,,,123,"Ofertas Especiales, Para ti, Por Necesidad > Piel y Cabello Radiante, Por Necesidad > Problemas de Piel y Acne, Vitaminas y Suplementos > Vitaminas B / C / D / E","antioxidante natural, herbalmax vitamina e, piel saludable, salud cardiovascular, suplemento vitamina e, vitamina e 1000 iu",,https://comprasaludable.com/wp-content/uploads/2025/08/WhatsApp-Image-2025-07-27-at-9.36.27-PM.jpeg,,,,,,,,,0,,
44744,simple,,,"OLLY Kids Chillax - 50 gomitas",1,0,visible,,"<p data-start=""180"" data-end=""485"">¿Niños inquietos, con nervios o dificultad para relajarse? 💡 <strong data-start=""292"" data-end=""313"">OLLY Kids Chillax</strong> son deliciosas gomitas con <strong data-start=""341"" data-end=""388"">magnesio, L-teanina y toronjil (lemon balm)</strong>, formuladas para apoyar la calma natural de los más pequeños, sin causar somnolencia excesiva.</p>\n\n<ul data-start=""487"" data-end=""888"">\n 	<li data-start=""487"" data-end=""581"">\n<p data-start=""489"" data-end=""581""><strong data-start=""489"" data-end=""520"">Calma y enfoque infantil 🧸</strong>: ideal para reducir estrés, irritabilidad o ansiedad leve.</p>\n</li>\n 	<li data-start=""582"" data-end=""693"">\n<p data-start=""584"" data-end=""693""><strong data-start=""584"" data-end=""608"">Apoyo al descanso 🌙</strong>: ayuda a que los niños se relajen antes de dormir y tengan rutinas más tranquilas.</p>\n</li>\n 	<li data-start=""694"" data-end=""802"">\n<p data-start=""696"" data-end=""802""><strong data-start=""696"" data-end=""727"">Fórmula natural y segura 🍊</strong>: con nutrientes que favorecen el equilibrio emocional y la salud mental.</p>\n</li>\n 	<li data-start=""803"" data-end=""888"">\n<p data-start=""805"" data-end=""888""><strong data-start=""805"" data-end=""829"">Rico sabor frutal 😋</strong>: gomitas fáciles de tomar, sin peleas ni complicaciones.</p>\n</li>\n</ul>\n<p data-start=""890"" data-end=""975"">✅ Frasco con 50 gomitas<br data-start=""913"" data-end=""916"" />✅ Marca reconocida en USA<br data-start=""941"" data-end=""944"" />✅ Sin colorantes artificiales</p>\n<p data-start=""977"" data-end=""1100""><strong data-start=""977"" data-end=""1098"">Compra ahora y recibe OLLY Kids Chillax en cualquier parte del Perú. ¡Más calma para ellos, más tranquilidad para ti!</strong></p>",,,taxable,,1,,,0,0,,,,,1,,,125,"Ofertas Especiales > Descuentos por tiempo limitado, Por Necesidad > Estrés y Relajación, Ofertas Especiales, Para ti > Para Niños",,,"https://comprasaludable.com/wp-content/uploads/2025/08/WhatsApp-Image-2025-08-23-at-7.55.12-PM-10.jpeg, https://comprasaludable.com/wp-content/uploads/2025/08/WhatsApp-Image-2025-08-23-at-7.56.33-PM.jpeg, https://comprasaludable.com/wp-content/uploads/2025/08/WhatsApp-Image-2025-08-23-at-7.56.34-PM.jpeg",,,,,,,,,0,,OLLY
44767,simple,OLLY-KIDS-SLEEP-50,,"OLLY Kids Sleep - 50 Gomitas",1,0,visible,,"<p data-start=""204"" data-end=""500"">¿Tu peque tiene noches inquietas o le cuesta conciliar el sueño? 😴 Las <strong data-start=""326"" data-end=""345"">OLLY Kids Sleep</strong> son deliciosas gomitas con <strong data-start=""373"" data-end=""420"">melatonina, L-teanina y extractos botánicos</strong> que ayudan a promover un descanso natural y reparador, sin crear dependencia.</p>\n\n<ul data-start=""502"" data-end=""925"">\n 	<li data-start=""502"" data-end=""635"">\n<p data-start=""504"" data-end=""635""><strong data-start=""504"" data-end=""535"">Sueño profundo y natural 🌙</strong>: la melatonina sincroniza el reloj biológico de los niños para que concilien el sueño más rápido.</p>\n</li>\n 	<li data-start=""636"" data-end=""746"">\n<p data-start=""638"" data-end=""746""><strong data-start=""638"" data-end=""661"">Relajación suave 🧸</strong>: la L-teanina y las hierbas botánicas calman la mente y el cuerpo antes de dormir.</p>\n</li>\n 	<li data-start=""747"" data-end=""836"">\n<p data-start=""749"" data-end=""836""><strong data-start=""749"" data-end=""781"">Fórmula segura y efectiva 👌</strong>: diseñada especialmente para uso infantil ocasional.</p>\n</li>\n 	<li data-start=""837"" data-end=""925"">\n<p data-start=""839"" data-end=""925""><strong data-start=""839"" data-end=""868"">Sabor frutal delicioso 🍓</strong>: gomitas fáciles de dar, sin peleas ni complicaciones.</p>\n</li>\n</ul>\n<p data-start=""927"" data-end=""1012"">✅ Frasco con 60 gomitas<br data-start=""950"" data-end=""953"" />✅ Marca reconocida en USA<br data-start=""978"" data-end=""981"" />✅ Sin colorantes artificiales</p>\n<p data-start=""1014"" data-end=""1133""><strong data-start=""1014"" data-end=""1131"">Compra hoy y recibe OLLY Kids Sleep en cualquier parte del Perú. ¡Dulces sueños para ellos, tranquilidad para ti!</strong></p>",,,taxable,,1,4,,0,0,,,,,1,,,125,"Ofertas Especiales > Descuentos por tiempo limitado, Por Necesidad > Estrés y Relajación, Vitaminas y Suplementos > Gomitas, Por Necesidad > Memoria y concentración, Ofertas Especiales, Para ti > Para Niños, Para ti","descanso niños, gomitas para dormir niños, melatonina niños, olly kids sleep, sueño infantil, suplemento infantil",,"https://comprasaludable.com/wp-content/uploads/2025/08/WhatsApp-Image-2025-08-23-at-7.55.12-PM-7.jpeg, https://comprasaludable.com/wp-content/uploads/2025/08/WhatsApp-Image-2025-08-23-at-7.55.12-PM-8.jpeg, https://comprasaludable.com/wp-content/uploads/2025/08/WhatsApp-Image-2025-08-23-at-7.55.12-PM-9.jpeg",,,,,,,,,0,,OLLY
44776,simple,SV-BCOM-100,,"B Complex de Sun Vitamins - 100 capsulas",1,0,visible,,"<p data-start=""231"" data-end=""543"">¿Cansancio, falta de energía o estrés diario? El <strong data-start=""330"" data-end=""368"">B-Complex Complete de Sun Vitamins</strong> (100 softgels de rápida absorción) combina todas las <strong data-start=""422"" data-end=""447"">vitaminas del grupo B</strong> junto con <strong data-start=""458"" data-end=""495"">ácido fólico, vitamina B12 y PABA</strong>, para que tu cuerpo rinda al máximo cada día.</p>\n\n<ul data-start=""545"" data-end=""985"">\n 	<li data-start=""545"" data-end=""663"">\n<p data-start=""547"" data-end=""663""><strong data-start=""547"" data-end=""573"">Energía y vitalidad 🔋</strong>: las vitaminas B ayudan a transformar los alimentos en energía disponible de inmediato.</p>\n</li>\n 	<li data-start=""664"" data-end=""759"">\n<p data-start=""666"" data-end=""759""><strong data-start=""666"" data-end=""698"">Apoyo al sistema nervioso 🧠</strong>: reducen el cansancio mental y ayudan a manejar el estrés.</p>\n</li>\n 	<li data-start=""760"" data-end=""870"">\n<p data-start=""762"" data-end=""870""><strong data-start=""762"" data-end=""789"">Metabolismo saludable ⚡</strong>: favorece la síntesis de proteínas y carbohidratos para un rendimiento óptimo.</p>\n</li>\n 	<li data-start=""871"" data-end=""985"">\n<p data-start=""873"" data-end=""985""><strong data-start=""873"" data-end=""899"">Piel, cabello y uñas ✨</strong>: vitaminas B7 (biotina) y B9 apoyan la regeneración celular y fortalecen tu imagen.</p>\n</li>\n</ul>\n<p data-start=""987"" data-end=""1122"">✅ 100 cápsulas softgels de liberación rápida<br data-start=""1031"" data-end=""1034"" />✅ Fórmula completa y balanceada<br data-start=""1065"" data-end=""1068"" />✅ Ideal para estudiantes, trabajadores y deportistas</p>\n<p data-start=""1124"" data-end=""1246""><strong data-start=""1124"" data-end=""1244"">Compra ahora y recibe tu B-Complex Sun Vitamins en todo el Perú. ¡Recarga tu energía y mejora tu rendimiento diario!</strong></p>",,,taxable,,1,20,,0,0,,,,,1,,,123,"Ofertas Especiales > Descuentos por tiempo limitado, Por Necesidad > Más Energía y Vitalidad, Ofertas Especiales, Para ti, Por Necesidad > Sistema Inmunológico Fuerte, Vitaminas y Suplementos > Vitaminas B / C / D / E","b complex, concentración, energía diaria, menos fatiga, sistema nervioso, sun vitamins b complex, vitaminas b",,"https://comprasaludable.com/wp-content/uploads/2025/08/WhatsApp-Image-2025-08-23-at-7.55.12-PM.jpeg, https://comprasaludable.com/wp-content/uploads/2025/08/WhatsApp-Image-2025-08-23-at-7.55.12-PM-1.jpeg",,,,,,,,,0,,"Sun Vitamins"
44794,simple,SV-OMG3-1000-100,,"Omega 3 de 1000mg Sun Vitamins - 100 capsulas",1,0,visible,,"<p data-start=""239"" data-end=""519"">Cuida tu corazón y potencia tu mente con el <strong data-start=""333"" data-end=""377"">Omega 3 Premium Fish Oil de Sun Vitamins</strong>. Cada cápsula de <strong data-start=""395"" data-end=""406"">1000 mg</strong> aporta ácidos grasos esenciales <strong data-start=""439"" data-end=""452"">EPA y DHA</strong>, fundamentales para la salud cardiovascular, cerebral y general.</p>\n\n<ul data-start=""521"" data-end=""967"">\n 	<li data-start=""521"" data-end=""649"">\n<p data-start=""523"" data-end=""649""><strong data-start=""523"" data-end=""547"">Salud del corazón ❤️</strong>: apoya la circulación y ayuda a mantener niveles de colesterol y triglicéridos dentro de lo normal.</p>\n</li>\n 	<li data-start=""650"" data-end=""754"">\n<p data-start=""652"" data-end=""754""><strong data-start=""652"" data-end=""685"">Función cerebral y memoria 🧠</strong>: el DHA es clave para la concentración, memoria y claridad mental.</p>\n</li>\n 	<li data-start=""755"" data-end=""844"">\n<p data-start=""757"" data-end=""844""><strong data-start=""757"" data-end=""792"">Inflamación y articulaciones 🦵</strong>: reduce molestias y promueve movilidad saludable.</p>\n</li>\n 	<li data-start=""845"" data-end=""967"">\n<p data-start=""847"" data-end=""967""><strong data-start=""847"" data-end=""872"">Bienestar integral 🌿</strong>: suplemento ideal para estudiantes, deportistas y adultos que buscan prevención y vitalidad.</p>\n</li>\n</ul>\n<p data-start=""969"" data-end=""1069"">✅ 100 capsulas de rápida absorción<br data-start=""1003"" data-end=""1006"" />✅ Aceite de pescado premium<br data-start=""1033"" data-end=""1036"" />✅ Uso diario, seguro y práctico</p>\n<p data-start=""1071"" data-end=""1208""><strong data-start=""1071"" data-end=""1206"">Compra ahora y recibe tu Omega 3 Sun Vitamins en cualquier parte del Perú. ¡Protege tu corazón y tu cerebro con un solo suplemento!</strong></p>",,,taxable,,1,20,,0,0,,,,,1,,,128,"Ofertas Especiales > Descuentos por tiempo limitado, Ofertas Especiales, Vitaminas y Suplementos > Omega 3 y aceites, Para ti, Sin categorizar","aceite de pescado, bienestar diario, omega 3, omega 3 1000 mg, salud cardiovascular, sun vitamins omega 3, suplemento omega",,"https://comprasaludable.com/wp-content/uploads/2025/08/WhatsApp-Image-2025-08-23-at-7.55.12-PM-2.jpeg, https://comprasaludable.com/wp-content/uploads/2025/08/WhatsApp-Image-2025-08-23-at-7.55.12-PM-3.jpeg",,,,,,,,,0,,
44828,simple,PPC-CLN-P3,,"Papaya Cleanse Pack x3 - Detox Natural",1,0,visible,,"<p data-start=""220"" data-end=""488"">¿Sientes pesadez, digestión lenta o acumulación de toxinas? 💡 El <strong data-start=""336"" data-end=""354"">Papaya Cleanse</strong> es un suplemento natural pensado para realizar un <strong data-start=""405"" data-end=""438"">detox completo en solo 7 días</strong>, ayudando a limpiar y revitalizar tu organismo.</p>\n\n<ul data-start=""490"" data-end=""898"">\n 	<li data-start=""490"" data-end=""574"">\n<p data-start=""492"" data-end=""574""><strong data-start=""492"" data-end=""513"">Detox integral 🌱</strong>: apoya la limpieza de <strong data-start=""536"" data-end=""571"">hígado, colon, riñones y sangre</strong>.</p>\n</li>\n 	<li data-start=""575"" data-end=""682"">\n<p data-start=""577"" data-end=""682""><strong data-start=""577"" data-end=""600"">Digestión ligera 🍃</strong>: ayuda a reducir la inflamación estomacal y mejorar la absorción de nutrientes.</p>\n</li>\n 	<li data-start=""683"" data-end=""795"">\n<p data-start=""685"" data-end=""795""><strong data-start=""685"" data-end=""714"">Más energía y vitalidad ⚡</strong>: al eliminar toxinas, tu cuerpo se siente más liviano y con mejor rendimiento.</p>\n</li>\n 	<li data-start=""796"" data-end=""898"">\n<p data-start=""798"" data-end=""898""><strong data-start=""798"" data-end=""820"">Piel y bienestar ✨</strong>: promueve una piel más clara y fresca gracias a la desintoxicación interna.</p>\n</li>\n</ul>\n<p data-start=""900"" data-end=""1070"">✅ Frasco con 20 cápsulas (tratamiento de 7 días)<br data-start=""948"" data-end=""951"" />✅ Fórmula natural a base de papaya y extractos vegetales<br data-start=""1007"" data-end=""1010"" />✅ Ideal para hombres y mujeres que buscan bienestar rápido</p>\n<p data-start=""1072"" data-end=""1202""><strong data-start=""1072"" data-end=""1200"">Compra ahora y recibe Papaya Cleanse en cualquier parte del Perú. ¡Desintoxica tu cuerpo y siéntete renovado!</strong></p>",,,taxable,,1,20,,0,0,,,,,1,,239,544,"Ofertas Especiales > Descuentos por tiempo limitado, Por Necesidad > Estreñimiento y Digestión, Ofertas Especiales, Pack X3, Para ti","bienestar digestivo, detox natural, limpieza digestiva, pack detox, papaya cleanse, suplemento digestivo, tránsito intestinal",,https://comprasaludable.com/wp-content/uploads/2025/08/WhatsApp-Image-2025-08-23-at-9.57.49-PM.jpeg,,,,,,,,,0,,
44834,simple,ZEX-VISION-P3,,"Zeaxan Pack x3 - Suplemento para la salud ocular",1,0,visible,,"<p data-start=""233"" data-end=""508"">¿Pasas muchas horas frente a la computadora o el celular? 📱💻 <strong data-start=""346"" data-end=""356"">Zeaxan</strong> está formulado con extractos naturales como <strong data-start=""401"" data-end=""453"">manzanilla, arándanos, zanahoria y ginkgo biloba</strong>, que ayudan a proteger y fortalecer tu salud visual.</p>\n\n<ul data-start=""510"" data-end=""954"">\n 	<li data-start=""510"" data-end=""622"">\n<p data-start=""512"" data-end=""622""><strong data-start=""512"" data-end=""546"">Protección ocular avanzada 👁️</strong>: contribuye a reducir el daño causado por la luz azul y la fatiga visual.</p>\n</li>\n 	<li data-start=""623"" data-end=""750"">\n<p data-start=""625"" data-end=""750""><strong data-start=""625"" data-end=""649"">Visión más nítida 📖</strong>: los arándanos y la zanahoria apoyan la salud de la retina y mejoran la adaptación a la oscuridad.</p>\n</li>\n 	<li data-start=""751"" data-end=""862"">\n<p data-start=""753"" data-end=""862""><strong data-start=""753"" data-end=""792"">Circulación y oxigenación ocular 🌿</strong>: el ginkgo biloba promueve un mejor flujo sanguíneo hacia los ojos.</p>\n</li>\n 	<li data-start=""863"" data-end=""954"">\n<p data-start=""865"" data-end=""954""><strong data-start=""865"" data-end=""886"">Descanso visual ✨</strong>: la manzanilla ayuda a aliviar la irritación y el enrojecimiento.</p>\n</li>\n</ul>\n<p data-start=""956"" data-end=""1093"">✅ 20 cápsulas fáciles de consumir<br data-start=""989"" data-end=""992"" />✅ Fórmula natural sin químicos agresivos<br data-start=""1032"" data-end=""1035"" />✅ Ideal para estudiantes, trabajadores y adultos mayores</p>\n<p data-start=""1095"" data-end=""1202""><strong data-start=""1095"" data-end=""1200"">Compra ahora y recibe Zeaxan en cualquier parte del Perú. ¡Protege tu vista y gana claridad cada día!</strong></p>",,,taxable,,1,20,,0,0,,,,,1,,239,544,"Ofertas Especiales > Descuentos por tiempo limitado, Ofertas Especiales, Pack X3, Para ti","bienestar ocular, cansancio visual, pack visión, protección de la retina, salud ocular, suplemento visual, zeaxan",,https://comprasaludable.com/wp-content/uploads/2025/08/WhatsApp-Image-2025-08-23-at-10.41.56-PM.jpeg,,,,,,,,,0,,
44837,simple,TBS-NAT-20C-PE,,"Turboslim Pack x3 - Suplemento Natural para Control de Peso",1,0,visible,,"<p data-start=""239"" data-end=""583"">¿Quieres bajar esos kilitos de más sin perder energía? ⚡ El <strong data-start=""349"" data-end=""375"">Turboslim 100% Natural</strong> está formulado con extractos vegetales que apoyan el <strong data-start=""429"" data-end=""488"">metabolismo, la quema de grasa y el control del apetito</strong>, convirtiéndose en un aliado ideal para complementar tu alimentación y rutina de ejercicios.</p>\n\n<ul data-start=""585"" data-end=""957"">\n 	<li data-start=""585"" data-end=""677"">\n<p data-start=""587"" data-end=""677""><strong data-start=""587"" data-end=""615"">Activa tu metabolismo 🔥</strong>: favorece la quema de grasa y la transformación de energía.</p>\n</li>\n 	<li data-start=""678"" data-end=""766"">\n<p data-start=""680"" data-end=""766""><strong data-start=""680"" data-end=""706"">Control del apetito 🍃</strong>: ayuda a reducir la ansiedad por la comida y los antojos.</p>\n</li>\n 	<li data-start=""767"" data-end=""862"">\n<p data-start=""769"" data-end=""862""><strong data-start=""769"" data-end=""798"">Más energía y vitalidad ⚡</strong>: apoya tu rendimiento físico y mental mientras bajas de peso.</p>\n</li>\n 	<li data-start=""863"" data-end=""957"">\n<p data-start=""865"" data-end=""957""><strong data-start=""865"" data-end=""895"">Fórmula natural y segura ✅</strong>: elaborada con extractos vegetales, sin químicos agresivos.</p>\n</li>\n</ul>\n<p data-start=""959"" data-end=""1046"">✅ Frasco con 20 cápsulas<br data-start=""983"" data-end=""986"" />✅ Suplemento 100% natural<br data-start=""1011"" data-end=""1014"" />✅ Ideal para hombres y mujeres</p>\n<p data-start=""1048"" data-end=""1150""><strong data-start=""1048"" data-end=""1148"">Compra hoy mismo y recibe Turboslim en todo el Perú. ¡Empieza tu cambio con energía y confianza!</strong></p>",,,taxable,,1,20,,0,0,,,,,1,,239,544,"Ofertas Especiales > Descuentos por tiempo limitado, Por Necesidad > Estreñimiento y Digestión, Ofertas Especiales, Pack X3, Para ti","bajar de peso natural, bienestar corporal, control de peso, metabolismo activo, pack adelgazante, suplemento natural, turboslim",,https://comprasaludable.com/wp-content/uploads/2025/08/WhatsApp-Image-2025-08-23-at-10.55.13-PM.jpeg,,,,,,,,,0,,
44847,simple,LIL-URI-20C-PE,,"Liluama Pack x3 - Salud urinaria y flora bacteriana",1,0,visible,,"<p data-start=""229"" data-end=""544"">Mantén el equilibrio natural de tu organismo con <strong data-start=""328"" data-end=""339"">Liluama</strong>, un suplemento que ayuda a proteger y fortalecer el <strong data-start=""392"" data-end=""411"">tracto urinario</strong> gracias a su acción sobre la <strong data-start=""441"" data-end=""470"">flora bacteriana adecuada</strong>. Ideal para mujeres y hombres que buscan prevención y bienestar diario.</p>\n\n<ul data-start=""546"" data-end=""934"">\n 	<li data-start=""546"" data-end=""644"">\n<p data-start=""548"" data-end=""644""><strong data-start=""548"" data-end=""574"">Protección urinaria 💧</strong>: ayuda a prevenir molestias y desequilibrios en el tracto urinario.</p>\n</li>\n 	<li data-start=""645"" data-end=""743"">\n<p data-start=""647"" data-end=""743""><strong data-start=""647"" data-end=""682"">Flora bacteriana equilibrada 🌿</strong>: mantiene las defensas naturales del organismo en balance.</p>\n</li>\n 	<li data-start=""744"" data-end=""849"">\n<p data-start=""746"" data-end=""849""><strong data-start=""746"" data-end=""770"">Bienestar integral ✨</strong>: complemento perfecto para quienes buscan cuidado íntimo y salud preventiva.</p>\n</li>\n 	<li data-start=""850"" data-end=""934"">\n<p data-start=""852"" data-end=""934""><strong data-start=""852"" data-end=""874"">Producto natural ✅</strong>: cápsulas fáciles de tomar, libres de químicos agresivos.</p>\n</li>\n</ul>\n<p data-start=""936"" data-end=""1027"">✅ 20 cápsulas por caja<br data-start=""958"" data-end=""961"" />✅ Producto natural de uso diario<br data-start=""993"" data-end=""996"" />✅ Apto para mujeres y hombres</p>\n<p data-start=""1029"" data-end=""1152""><strong data-start=""1029"" data-end=""1150"">Compra hoy mismo y recibe Liluama en cualquier parte del Perú. ¡Cuida tu salud urinaria de manera natural y efectiva!</strong></p>",,,taxable,,1,20,,0,0,,,,,1,,239,544,"Ofertas Especiales > Descuentos por tiempo limitado, Ofertas Especiales, Pack X3, Para ti > Para Mujeres, Para ti","bienestar íntimo, flora bacteriana femenina, liluama, mujer, pack salud íntima, probiótico femenino, salud urinaria",,"https://comprasaludable.com/wp-content/uploads/2025/08/WhatsApp-Image-2025-08-23-at-11.43.29-PM.jpeg, https://comprasaludable.com/wp-content/uploads/2025/08/WhatsApp-Image-2025-08-23-at-11.43.29-PM.jpeg",,,,,,,,,0,,LILUAMA
44866,simple,FLEX-ULT-P3,,"Flexacil Ultra Pack x3 - Articulaciones Fuertes",1,1,visible,,"<p data-start=""303"" data-end=""704"">¿Dolor de rodillas, codos o rigidez en las mañanas? 💥 El <strong data-start=""411"" data-end=""434"">Pack Flexacil Ultra</strong> trae <strong data-start=""440"" data-end=""453"">3 frascos</strong> de tu suplemento favorito para articulaciones, ideal para tratamientos continuos y resultados duraderos. Su fórmula avanzada con <strong data-start=""583"" data-end=""627"">glucosamina, condroitina, colágeno y MSM</strong> ayuda a regenerar el cartílago y mejorar la movilidad desde el primer día.</p>\n<p data-start=""706"" data-end=""742"">🔹 <strong data-start=""709"" data-end=""740"">Beneficios del Pack 3 en 1:</strong></p>\n\n<ul data-start=""743"" data-end=""928"">\n 	<li data-start=""743"" data-end=""787"">\n<p data-start=""745"" data-end=""787""><strong data-start=""745"" data-end=""785"">Alivio rápido del dolor articular 🔥</strong></p>\n</li>\n 	<li data-start=""788"" data-end=""830"">\n<p data-start=""790"" data-end=""830""><strong data-start=""790"" data-end=""828"">Regenera y protege el cartílago 🦵</strong></p>\n</li>\n 	<li data-start=""831"" data-end=""880"">\n<p data-start=""833"" data-end=""880""><strong data-start=""833"" data-end=""878"">Más flexibilidad y movilidad diaria 🏃‍♂️</strong></p>\n</li>\n 	<li data-start=""881"" data-end=""928"">\n<p data-start=""883"" data-end=""928""><strong data-start=""883"" data-end=""926"">Ahorro exclusivo al comprar en combo 💰</strong></p>\n</li>\n</ul>\n<p data-start=""930"" data-end=""1073"">✅ 3 frascos de Flexacil Ultra (20 cápsulas c/u)<br data-start=""977"" data-end=""980"" />✅ Fórmula completa y natural para articulaciones<br data-start=""1028"" data-end=""1031"" />✅ Ideal para tratamientos de 1 a 3 meses</p>\n<p data-start=""1075"" data-end=""1188""><strong data-start=""1075"" data-end=""1186"">Compra ahora el Pack Flexacil Ultra y recibe envío a todo el Perú. ¡Muévete sin dolor y con total libertad!</strong></p>",,,taxable,,1,20,,0,0,,,,,1,,239,544,"Para ti > Adultos Mayores (50+), Ofertas Especiales > Descuentos por tiempo limitado, Por Necesidad > Dolor Articular, Ofertas Especiales, Pack X3, Para ti, Productos Destacados","articulaciones fuertes, bienestar físico, flexacil ultra, movilidad articular, pack articulaciones, salud articular, suplemento articulaciones",,https://comprasaludable.com/wp-content/uploads/2025/08/WhatsApp-Image-2025-08-24-at-11.26.33-PM.jpeg,,,,,,,,,0,,
44874,simple,CAR-MELA-40-150,,"Melatonina 40 mg Carlyle – Sueño profundo y natural (150 capsulas)",1,0,visible,,"<p data-start=""260"" data-end=""546"">¿Problemas para dormir o despertarte durante la noche? 🌙 La <strong data-start=""371"" data-end=""409"">Melatonin Complex 40 mg de Carlyle</strong> es una fórmula <strong data-start=""425"" data-end=""441"">extra fuerte</strong>, ideal para quienes buscan un <strong data-start=""472"" data-end=""514"">descanso profundo, natural y reparador</strong>, sin dependencia ni fármacos.</p>\n\n<ul data-start=""548"" data-end=""964"">\n 	<li data-start=""548"" data-end=""672"">\n<p data-start=""550"" data-end=""672""><strong data-start=""550"" data-end=""586"">Conciliar el sueño más rápido 😴</strong>: la melatonina regula el ciclo circadiano, ideal para insomnio ocasional o jet lag.</p>\n</li>\n 	<li data-start=""673"" data-end=""767"">\n<p data-start=""675"" data-end=""767""><strong data-start=""675"" data-end=""707"">Sueño profundo y continuo 🌙</strong>: favorece un descanso de calidad para despertar renovado.</p>\n</li>\n 	<li data-start=""768"" data-end=""858"">\n<p data-start=""770"" data-end=""858""><strong data-start=""770"" data-end=""805"">Tabletas de rápida disolución ⚡</strong>: absorción eficaz para resultados en menos tiempo.</p>\n</li>\n 	<li data-start=""859"" data-end=""964"">\n<p data-start=""861"" data-end=""964""><strong data-start=""861"" data-end=""891"">Fórmula segura y natural ✅</strong>: libre de drogas, sin gluten, sin conservantes y apta para uso diario.</p>\n</li>\n</ul>\n<p data-start=""966"" data-end=""1070"">✅ Frasco con 150 tabletas<br data-start=""991"" data-end=""994"" />✅ Alta potencia: 40 mg por tableta<br data-start=""1028"" data-end=""1031"" />✅ Marca Carlyle – calidad premium USA</p>\n<p data-start=""1072"" data-end=""1183""><strong data-start=""1072"" data-end=""1181"">Compra hoy tu Melatonina 40 mg Carlyle y recíbela en cualquier parte del Perú. ¡Duerme mejor, vive mejor!</strong></p>",,,taxable,,1,2,,0,0,,,,,1,,,109.90,"cyber, Ofertas Especiales > Descuentos por tiempo limitado, Por Necesidad > Estrés y Relajación, navidad, Ofertas Especiales, Para ti","carlyle melatonin, descanso natural, dormir mejor, melatonina, melatonina 40 mg, sueño profundo, suplemento sueño",,"https://comprasaludable.com/wp-content/uploads/2025/08/WhatsApp-Image-2025-08-25-at-8.01.03-PM-1.jpeg, https://comprasaludable.com/wp-content/uploads/2025/08/WhatsApp-Image-2025-08-25-at-8.01.03-PM.jpeg, https://comprasaludable.com/wp-content/uploads/2025/08/WhatsApp-Image-2025-08-25-at-8.01.04-PM.jpeg",,,,,,,,,0,,Carlyle
44879,simple,NH-MILK-1370-100,,"Milk Thistle Max 1370 mg – Nature’s Herbalmax (100 capsulas)",1,0,visible,,"<div>Cuida y protege tu hígado con Milk Thistle Max de Nature’s Herbalmax. Con 1370 mg de extracto de cardo mariano por cápsula, este suplemento es reconocido por su poder desintoxicante y regenerador hepático, ideal para quienes buscan bienestar digestivo y metabólico.</div>\n<div>•Protección hepática 🌿: favorece la regeneración de células del hígado y ayuda a contrarrestar el daño por toxinas o alcohol.</div>\n<div>•Mejora la digestión 🍃: apoya el metabolismo de grasas y la función biliar.</div>\n<div>•Bienestar metabólico ⚡: contribuye a mantener el equilibrio del colesterol y la glucosa.</div>\n<div>•Fórmula natural y segura ✅: sin químicos agresivos, en cápsulas blandas de rápida absorción.</div>\n<div></div>\n<div>✅ 100 softgels de 1370 mg</div>\n<div>✅ Suplemento premium hecho en Canadá</div>\n<div>✅ Ideal para detox y salud hepática continua</div>\n<div></div>\n<div>Compra hoy mismo tu Milk Thistle Max y recíbelo en cualquier parte del Perú. ¡Protege tu hígado y potencia tu bienestar!</div>",,,taxable,,1,20,,0,0,,,,,1,,,132,"cyber, Ofertas Especiales > Descuentos por tiempo limitado, Por Necesidad > Estreñimiento y Digestión, navidad, Ofertas Especiales, Para ti, Por Necesidad","cardo mariano, detox natural, hígado sano, milk thistle, nature’s herbalmax, salud hepática, silimarina",,https://comprasaludable.com/wp-content/uploads/2025/08/WhatsApp-Image-2025-08-29-at-12.43.52-PM.jpeg,,,,,,,,,0,,HerbalMax
44881,simple,HBM-GKB-PLS-100S-PE,,"Ginkgo Biloba Plus de Nature’s Herbalmax -100 capsulas",1,0,visible,,"<p data-start=""358"" data-end=""676"">¿Sientes olvidos frecuentes o dificultad para concentrarte? 📚💼 El <strong data-start=""476"" data-end=""520"">Ginkgo Biloba Plus de Nature’s Herbalmax</strong> es tu aliado natural para mejorar la <strong data-start=""558"" data-end=""608"">memoria, concentración y circulación sanguínea</strong>, potenciando el rendimiento mental en cualquier etapa de la vida.</p>\n\n<ul data-start=""678"" data-end=""1162"">\n 	<li data-start=""678"" data-end=""823"">\n<p data-start=""680"" data-end=""823""><strong data-start=""680"" data-end=""719"">Memoria y aprendizaje reforzados 🧠</strong>: ideal para estudiantes en época de exámenes, profesionales con alta carga laboral y adultos mayores.</p>\n</li>\n 	<li data-start=""824"" data-end=""954"">\n<p data-start=""826"" data-end=""954""><strong data-start=""826"" data-end=""864"">Mejora la circulación sanguínea 💧</strong>: favorece la oxigenación del cerebro y las extremidades, reduciendo cansancio y mareos.</p>\n</li>\n 	<li data-start=""955"" data-end=""1061"">\n<p data-start=""957"" data-end=""1061""><strong data-start=""957"" data-end=""992"">Más claridad mental y energía ⚡</strong>: combate la fatiga y mejora el enfoque en tus actividades diarias.</p>\n</li>\n 	<li data-start=""1062"" data-end=""1162"">\n<p data-start=""1064"" data-end=""1162""><strong data-start=""1064"" data-end=""1092"">100% natural y seguro 🌿</strong>: cápsulas blandas fáciles de digerir, libres de químicos agresivos.</p>\n</li>\n</ul>\n<p data-start=""1164"" data-end=""1281"">✅ 100 cápsulas blandas (cápsulas)<br data-start=""1197"" data-end=""1200"" />✅ Producto premium <br data-start=""1234"" data-end=""1237"" />✅ Suplemento natural para todas las edades</p>\n<p data-start=""1283"" data-end=""1413""><strong data-start=""1283"" data-end=""1411"">Compra hoy tu Ginkgo Biloba Plus y recíbelo en cualquier parte del Perú. ¡Activa tu memoria y alcanza tu máximo rendimiento!</strong></p>",,,taxable,,1,20,,0,0,,,,,1,,,123,"cyber, Ofertas Especiales > Descuentos por tiempo limitado, Por Necesidad > Estrés y Relajación, Por Necesidad > Más Energía y Vitalidad, Por Necesidad > Memoria y concentración, navidad, Ofertas Especiales, Para ti, Por Necesidad","bienestar cognitivo, circulación cerebral, enfoque mental, ginkgo biloba, memoria y concentración, nature’s herbalmax, suplemento herbal",,https://comprasaludable.com/wp-content/uploads/2025/08/WhatsApp-Image-2025-08-29-at-1.59.22-PM.jpeg,,,,,,,,,0,,HerbalMax
44883,simple,HBM-BCX-MAX-100S-PE,,"B-Complex Max – Energía, concentración y menos fatiga (100 capsulas)",1,0,visible,,"<p data-start=""225"" data-end=""594"">¿Te sientes cansado, con baja energía o sin concentración? ⚡ El <strong data-start=""339"" data-end=""378"">B-Complex Max de Nature’s Herbalmax</strong> es un suplemento completo con todas las <strong data-start=""419"" data-end=""482"">vitaminas del complejo B (B1, B2, B3, B5, B6, B7, B9 y B12)</strong>, esenciales para la producción de energía, el buen funcionamiento del sistema nervioso y la vitalidad diaria.</p>\n\n<ul data-start=""596"" data-end=""944"">\n 	<li data-start=""596"" data-end=""671"">\n<p data-start=""598"" data-end=""671""><strong data-start=""598"" data-end=""633"">Más energía y menos cansancio ⚡</strong>: combate la fatiga física y mental.</p>\n</li>\n 	<li data-start=""672"" data-end=""757"">\n<p data-start=""674"" data-end=""757""><strong data-start=""674"" data-end=""714"">Mejora la concentración y memoria 🧠</strong>: ideal para estudiantes y profesionales.</p>\n</li>\n 	<li data-start=""758"" data-end=""860"">\n<p data-start=""760"" data-end=""860""><strong data-start=""760"" data-end=""803"">Apoya la formación de glóbulos rojos ❤️</strong>: favorece la oxigenación y el buen rendimiento físico.</p>\n</li>\n 	<li data-start=""861"" data-end=""944"">\n<p data-start=""863"" data-end=""944""><strong data-start=""863"" data-end=""900"">Bienestar nervioso y emocional 🌿</strong>: ayuda a reducir el estrés y la ansiedad.</p>\n</li>\n</ul>\n<p data-start=""946"" data-end=""1102"">✅ 100 cápsulas blandas de rápida absorción<br data-start=""988"" data-end=""991"" />✅ Suplemento premium <br data-start=""1027"" data-end=""1030"" />✅ Ideal para estudiantes, deportistas y adultos con alta carga laboral</p>\n<p data-start=""1104"" data-end=""1214""><strong data-start=""1104"" data-end=""1212"">Compra ahora tu B-Complex Max y recíbelo en todo el Perú. ¡Activa tu energía y rinde al máximo cada día!</strong></p>",,,taxable,,1,20,,0,0,20,,,,1,,,133,"Ofertas Especiales > Descuentos por tiempo limitado, Por Necesidad > Estrés y Relajación, Por Necesidad > Más Energía y Vitalidad, Por Necesidad > Memoria y concentración, Vitaminas y Suplementos > Multivitamínicos, navidad, Ofertas Especiales, Para ti, Por Necesidad, Por Necesidad > Sistema Inmunológico Fuerte, Vitaminas y Suplementos > Vitaminas B / C / D / E","b complex, concentración mental, energía diaria, menos fatiga, sistema nervioso, suplemento energético, vitaminas b",,https://comprasaludable.com/wp-content/uploads/2025/08/WhatsApp-Image-2025-08-29-at-2.05.09-PM.jpeg,,,,,,,,,0,,HerbalMax
44884,simple,,,"Zinc Quelado 50 mg Sun Vitamins – Inmunidad y energía (100 capsulas)",1,0,visible,,"<p data-start=""227"" data-end=""530"">Refuerza tus defensas y tu energía diaria con <strong data-start=""323"" data-end=""361"">Zinc Quelado 50 mg de Sun Vitamins</strong>. Este mineral esencial participa en más de <strong data-start=""405"" data-end=""435"">300 reacciones enzimáticas</strong> del organismo y es clave para el <strong data-start=""469"" data-end=""527"">sistema inmunológico, la piel y la vitalidad masculina</strong>.</p>\n\n<ul data-start=""532"" data-end=""933"">\n 	<li data-start=""532"" data-end=""645"">\n<p data-start=""534"" data-end=""645""><strong data-start=""534"" data-end=""574"">Fortalece el sistema inmunitario 🛡️</strong>: ayuda a prevenir resfríos, infecciones y a mejorar la recuperación.</p>\n</li>\n 	<li data-start=""646"" data-end=""731"">\n<p data-start=""648"" data-end=""731""><strong data-start=""648"" data-end=""683"">Salud de piel, uñas y cabello ✨</strong>: promueve una regeneración celular saludable.</p>\n</li>\n 	<li data-start=""732"" data-end=""838"">\n<p data-start=""734"" data-end=""838""><strong data-start=""734"" data-end=""776"">Potencia la energía y el rendimiento ⚡</strong>: esencial en el metabolismo y en la producción de hormonas.</p>\n</li>\n 	<li data-start=""839"" data-end=""933"">\n<p data-start=""841"" data-end=""933""><strong data-start=""841"" data-end=""879"">Soporte para la salud masculina 💪</strong>: contribuye al equilibrio hormonal y la fertilidad.</p>\n</li>\n</ul>\n<p data-start=""935"" data-end=""1063"">✅ 100 tabletas de 50 mg (alta absorción quelada)<br data-start=""983"" data-end=""986"" />✅ Fórmula premium de Sun Vitamins<br data-start=""1019"" data-end=""1022"" />✅ Antioxidante natural de alta potencia</p>\n<p data-start=""1065"" data-end=""1184""><strong data-start=""1065"" data-end=""1182"">Compra hoy tu Zinc Quelado Sun Vitamins y recíbelo en cualquier parte del Perú. ¡Refuerza tu salud desde adentro!</strong></p>",,,taxable,,1,20,,0,0,,,,,1,,,122,"cyber, Ofertas Especiales > Descuentos por tiempo limitado, Por Necesidad > Más Energía y Vitalidad, navidad, Ofertas Especiales, Por Necesidad > Piel y Cabello Radiante, Por Necesidad > Sistema Inmunológico Fuerte",SUN-ZNC-50MG-100T-PE,,https://comprasaludable.com/wp-content/uploads/2025/08/WhatsApp-Image-2025-08-29-at-2.09.43-PM.jpeg,,,,,,,,,0,,"Sun Vitamins"
44887,simple,SV-SILY-1000-100,,"Silymarin Milk Thistle 1000 mg – Sun Vitamins (100 capsulas)",1,0,visible,,"<p data-start=""217"" data-end=""540"">¿Quieres cuidar tu hígado de forma natural? 🌿 El <strong data-start=""317"" data-end=""367"">Silymarin Milk Thistle 1000 mg de Sun Vitamins</strong> está formulado con <strong data-start=""387"" data-end=""417"">cardo mariano (silymarina)</strong>, uno de los extractos más estudiados por su capacidad para <strong data-start=""477"" data-end=""537"">proteger, desintoxicar y regenerar las células hepáticas</strong>.</p>\n\n<ul data-start=""542"" data-end=""979"">\n 	<li data-start=""542"" data-end=""682"">\n<p data-start=""544"" data-end=""682""><strong data-start=""544"" data-end=""575"">Detox hepático profundo 🛡️</strong>: ayuda a eliminar toxinas y protege el hígado de daños por alcohol, medicamentos o alimentos procesados.</p>\n</li>\n 	<li data-start=""683"" data-end=""781"">\n<p data-start=""685"" data-end=""781""><strong data-start=""685"" data-end=""716"">Función digestiva óptima 🍃</strong>: apoya el metabolismo de las grasas y el equilibrio digestivo.</p>\n</li>\n 	<li data-start=""782"" data-end=""869"">\n<p data-start=""784"" data-end=""869""><strong data-start=""784"" data-end=""806"">Salud metabólica ⚡</strong>: contribuye al control del colesterol y azúcar en la sangre.</p>\n</li>\n 	<li data-start=""870"" data-end=""979"">\n<p data-start=""872"" data-end=""979""><strong data-start=""872"" data-end=""913"">Fórmula premium de rápida absorción ✅</strong>: cápsulas blandas para una acción más efectiva.</p>\n</li>\n</ul>\n<p data-start=""981"" data-end=""1101"">✅ 100 cápsulas blandas<br data-start=""1014"" data-end=""1017"" />✅ Alta concentración: 1000 mg de silymarina<br data-start=""1060"" data-end=""1063"" />✅ Suplemento natural de Sun Vitamins</p>\n<p data-start=""1103"" data-end=""1228""><strong data-start=""1103"" data-end=""1226"">Compra ahora tu Milk Thistle 1000 mg y recíbelo en cualquier parte del Perú. ¡Protege tu hígado y vive con más energía!</strong></p>",,,taxable,,1,20,,0,0,,,,,1,,,125,"cyber, Ofertas Especiales > Descuentos por tiempo limitado, Por Necesidad > Estreñimiento y Digestión, navidad, Ofertas Especiales, Para ti, Por Necesidad","cardo mariano, desintoxicación natural, hígado sano, milk thistle, salud hepática, silymarin, suplemento herbal",,"https://comprasaludable.com/wp-content/uploads/2025/08/sily1.jpeg, https://comprasaludable.com/wp-content/uploads/2025/08/sily1.jpeg, https://comprasaludable.com/wp-content/uploads/2025/08/sily2.jpeg",,,,,,,,,0,,"Sun Vitamins"
44889,simple,NH-OREG-100,,"Orégano Max – Nature’s Herbalmax (100 capsulas)",1,0,visible,,"<p data-start=""233"" data-end=""587"">Refuerza tu salud con el poder natural del <strong data-start=""326"" data-end=""363"">Orégano Max de Nature’s Herbalmax</strong>, con un <strong data-start=""372"" data-end=""392"">80% de carvacrol</strong>, el principio activo más potente del orégano. Un suplemento premium que fortalece el <strong data-start=""478"" data-end=""502"">sistema inmunológico</strong>, cuida la <strong data-start=""513"" data-end=""526"">digestión</strong> y actúa como un <strong data-start=""543"" data-end=""584"">antioxidante natural de alta eficacia</strong>.</p>\n\n<ul data-start=""589"" data-end=""934"">\n 	<li data-start=""589"" data-end=""668"">\n<p data-start=""591"" data-end=""668""><strong data-start=""591"" data-end=""619"">Defensas más fuertes 🛡️</strong>: protege frente a resfríos, virus y bacterias.</p>\n</li>\n 	<li data-start=""669"" data-end=""747"">\n<p data-start=""671"" data-end=""747""><strong data-start=""671"" data-end=""697"">Mejora la digestión 🍃</strong>: combate la acidez, gases y malestar estomacal.</p>\n</li>\n 	<li data-start=""748"" data-end=""844"">\n<p data-start=""750"" data-end=""844""><strong data-start=""750"" data-end=""776"">Potente antioxidante ✨</strong>: neutraliza radicales libres y retrasa el envejecimiento celular.</p>\n</li>\n 	<li data-start=""845"" data-end=""934"">\n<p data-start=""847"" data-end=""934""><strong data-start=""847"" data-end=""876"">Fórmula natural segura 🌿</strong>: cápsulas blandas de fácil absorción, hechas en Canadá.</p>\n</li>\n</ul>\n<p data-start=""936"" data-end=""1042"">✅ 100 cápsulas blandas <br data-start=""969"" data-end=""972"" />✅ Alta concentración: 80% carvacrol<br data-start=""1007"" data-end=""1010"" />✅ Suplemento premium Herbalmax</p>\n<p data-start=""1044"" data-end=""1165""><strong data-start=""1044"" data-end=""1163"">Compra hoy tu Orégano Max y recíbelo en cualquier parte del Perú. ¡Protege tus defensas y cuida tu salud digestiva!</strong></p>",,,taxable,,1,20,,0,0,,,,,1,,,127,"cyber, Ofertas Especiales > Descuentos por tiempo limitado, Por Necesidad > Estreñimiento y Digestión, Mejor Digestión, Mejor Inmunidad, navidad, Ofertas Especiales, Para ti, Por Necesidad, Por Necesidad > Sistema Inmunológico Fuerte","bienestar digestivo, defensas naturales, nature’s herbalmax, orégano en cápsulas, oregano max, sistema inmune, suplemento herbal",,"https://comprasaludable.com/wp-content/uploads/2025/08/oregano1.jpeg, https://comprasaludable.com/wp-content/uploads/2025/08/oregano1.jpeg, https://comprasaludable.com/wp-content/uploads/2025/08/ore2.jpeg",,,,,,,,,0,,HerbalMax
44891,simple,NH-ZINC-50-100,,"Zinc Max 50 mg – Nature’s Herbalmax (100 capsulas)",1,0,visible,,"<p data-start=""223"" data-end=""530"">Refuerza tu sistema inmunológico y tu vitalidad con <strong data-start=""325"" data-end=""365"">Zinc Max 50 mg de Nature’s Herbalmax</strong>, formulado con <strong data-start=""381"" data-end=""410"">zinc quelado (picolinato)</strong> para una <strong data-start=""420"" data-end=""440"">máxima absorción</strong>. Un suplemento esencial para mantener <strong data-start=""479"" data-end=""527"">defensas fuertes, piel sana y energía diaria</strong>.</p>\n\n<ul data-start=""532"" data-end=""876"">\n 	<li data-start=""532"" data-end=""620"">\n<p data-start=""534"" data-end=""620""><strong data-start=""534"" data-end=""564"">Fortalece tus defensas 🛡️</strong>: ayuda a prevenir resfríos y mejorar la recuperación.</p>\n</li>\n 	<li data-start=""621"" data-end=""697"">\n<p data-start=""623"" data-end=""697""><strong data-start=""623"" data-end=""660"">Cabello, piel y uñas saludables ✨</strong>: estimula la regeneración celular.</p>\n</li>\n 	<li data-start=""698"" data-end=""781"">\n<p data-start=""700"" data-end=""781""><strong data-start=""700"" data-end=""731"">Más energía y rendimiento ⚡</strong>: apoya el metabolismo y la producción hormonal.</p>\n</li>\n 	<li data-start=""782"" data-end=""876"">\n<p data-start=""784"" data-end=""876""><strong data-start=""784"" data-end=""811"">Antioxidante natural 🌿</strong>: protege contra el daño celular y el envejecimiento prematuro.</p>\n</li>\n</ul>\n<p data-start=""878"" data-end=""998"">✅ 100 cápsulas blandas <br data-start=""911"" data-end=""914"" />✅ Alta absorción (zinc picolinato quelado)<br data-start=""956"" data-end=""959"" />✅ Suplemento premium</p>\n<p data-start=""1000"" data-end=""1120""><strong data-start=""1000"" data-end=""1118"">Compra hoy tu Zinc Max 50 mg y recíbelo en cualquier parte del Perú. ¡Refuerza tus defensas y potencia tu energía!</strong></p>",,,taxable,,1,20,,0,0,,,,,1,,,121,"cyber, Ofertas Especiales > Descuentos por tiempo limitado, Por Necesidad > Más Energía y Vitalidad, navidad, Ofertas Especiales, Para ti, Por Necesidad > Piel y Cabello Radiante, Por Necesidad, Por Necesidad > Sistema Inmunológico Fuerte","defensas naturales, nature’s herbalmax, piel sana, sistema inmune, suplemento mineral, zinc 50 mg, zinc max",,https://comprasaludable.com/wp-content/uploads/2025/08/WhatsApp-Image-2025-08-29-at-2.26.35-PM.jpeg,,,,,,,,,0,,
45123,simple,DS-RESV-2000-240,,"Resveratrol Complex 2000 mg – Deal Supplement (240 cápsulas vegetarianas)",1,0,visible,,"<p data-start=""252"" data-end=""601"">Protege tus células y rejuvenece tu organismo con <strong data-start=""352"" data-end=""402"">Resveratrol Complex 2000 mg de Deal Supplement</strong>. Conocido como el “secreto de la longevidad”, el resveratrol es un antioxidante natural presente en la uva y en el vino tinto, que ayuda a mantener tu corazón, piel y mente en óptimas condiciones.</p>\n\n<ul data-start=""603"" data-end=""949"">\n 	<li data-start=""603"" data-end=""698"">\n<p data-start=""605"" data-end=""698""><strong data-start=""605"" data-end=""633"">Poderoso antioxidante 🍇</strong>: combate radicales libres y retrasa el envejecimiento celular.</p>\n</li>\n 	<li data-start=""699"" data-end=""777"">\n<p data-start=""701"" data-end=""777""><strong data-start=""701"" data-end=""728"">Salud cardiovascular ❤️</strong>: favorece la circulación y protege al corazón.</p>\n</li>\n 	<li data-start=""778"" data-end=""866"">\n<p data-start=""780"" data-end=""866""><strong data-start=""780"" data-end=""818"">Cerebro activo y memoria fuerte 🧠</strong>: mejora la función cognitiva y concentración.</p>\n</li>\n 	<li data-start=""867"" data-end=""949"">\n<p data-start=""869"" data-end=""949""><strong data-start=""869"" data-end=""898"">Piel radiante y juvenil ✨</strong>: ayuda a mantener elasticidad y firmeza natural.</p>\n</li>\n</ul>\n<p data-start=""951"" data-end=""1081"">✅ 2000 mg por porción<br data-start=""972"" data-end=""975"" />✅ 240 cápsulas vegetarianas (alto rendimiento)<br data-start=""1021"" data-end=""1024"" />✅ Fórmula libre de gluten, OMG y probada en laboratorio</p>\n<p data-start=""1083"" data-end=""1216""><strong data-start=""1083"" data-end=""1214"">Compra ahora tu Resveratrol Complex y recíbelo en cualquier parte del Perú. ¡Invierte en longevidad, energía y bienestar total!</strong></p>",,,taxable,,1,2,,0,0,,,,,1,,,168.90,"cyber, Ofertas Especiales > Descuentos por tiempo limitado, Por Necesidad > Más Energía y Vitalidad, Por Necesidad > Memoria y concentración, navidad, Ofertas Especiales, Para ti, Por Necesidad > Problemas de Piel y Acne","antioxidante natural, bienestar celular, longevidad, resveratrol, resveratrol complex, salud cardiovascular, suplemento antiedad",,"https://comprasaludable.com/wp-content/uploads/2025/09/WhatsApp-Image-2025-09-03-at-9.24.26-PM.jpeg, https://comprasaludable.com/wp-content/uploads/2025/09/WhatsApp-Image-2025-09-03-at-9.24.30-PM.jpeg, https://comprasaludable.com/wp-content/uploads/2025/09/WhatsApp-Image-2025-09-03-at-9.24.49-PM.jpeg, https://comprasaludable.com/wp-content/uploads/2025/09/WhatsApp-Image-2025-09-03-at-9.25.46-PM.jpeg",,,,,,,,,0,,"Deal Supplement"
45135,simple,CEN-SIL-W50-200,,"Centrum Silver Women 50+ (200 capsulas)",1,0,visible,,"<p data-start=""314"" data-end=""486"">Mantente activa, fuerte y con energía a partir de los 50 con <strong data-start=""375"" data-end=""403"">Centrum Silver Women 50+</strong>, el multivitamínico N°1 del mundo, ahora en su presentación de <strong data-start=""467"" data-end=""483"">200 tabletas</strong>.</p>\n<p data-start=""488"" data-end=""596"">Formulado especialmente para mujeres peruanas mayores de 50 años, cubre las necesidades clave de tu salud:</p>\n\n<ul data-start=""598"" data-end=""1103"">\n 	<li data-start=""598"" data-end=""697"">\n<p data-start=""600"" data-end=""697"">💜 <strong data-start=""603"" data-end=""621"">Corazón fuerte</strong>: con vitaminas B6, B12 y ácido fólico que apoyan la salud cardiovascular.</p>\n</li>\n 	<li data-start=""698"" data-end=""804"">\n<p data-start=""700"" data-end=""804"">🧠 <strong data-start=""703"" data-end=""730"">Memoria y concentración</strong>: gracias a antioxidantes y nutrientes que protegen la función cerebral.</p>\n</li>\n 	<li data-start=""805"" data-end=""899"">\n<p data-start=""807"" data-end=""899"">👁️ <strong data-start=""811"" data-end=""830"">Vista protegida</strong>: contiene luteína y vitaminas A, C y E que cuidan la salud ocular.</p>\n</li>\n 	<li data-start=""900"" data-end=""1003"">\n<p data-start=""902"" data-end=""1003"">💪 <strong data-start=""905"" data-end=""927"">Huesos resistentes</strong>: con calcio, vitamina D y magnesio para prevenir desgaste y osteoporosis.</p>\n</li>\n 	<li data-start=""1004"" data-end=""1103"">\n<p data-start=""1006"" data-end=""1103"">🌿 <strong data-start=""1009"" data-end=""1027"">Energía diaria</strong>: vitaminas del complejo B que ayudan a combatir el cansancio y la fatiga.</p>\n</li>\n</ul>\n<p data-start=""1105"" data-end=""1296"">✅ Multivitamínico completo para mujeres 50+<br data-start=""1148"" data-end=""1151"" />✅ 200 tabletas (larga duración)<br data-start=""1182"" data-end=""1185"" />✅ Fórmula avanzada respaldada científicamente<br data-start=""1230"" data-end=""1233"" />✅ Ideal para acompañar una alimentación balanceada en el Perú</p>\n<p data-start=""1298"" data-end=""1405"">👉 Dale a tu cuerpo el soporte que necesita en esta nueva etapa y vive tus 50+ con vitalidad y bienestar.</p>",,,taxable,,1,2,,0,0,,,,,1,,,179,"Para ti > Adultos Mayores (50+), cyber, Ofertas Especiales > Descuentos por tiempo limitado, Por Necesidad > Más Energía y Vitalidad, Vitaminas y Suplementos > Multivitamínicos, navidad, Ofertas Especiales, Para ti > Para Mujeres, Para ti, Por Necesidad > Sistema Inmunológico Fuerte, Vitaminas y Suplementos","centrum silver women, defensas naturales, energía mujer 50+, multivitamínico mujer 50+, salud femenina, vitaminas mujer adulta",,"https://comprasaludable.com/wp-content/uploads/2025/09/WhatsApp-Image-2025-09-04-at-8.43.28-PM.jpeg, https://comprasaludable.com/wp-content/uploads/2025/09/WhatsApp-Image-2025-09-04-at-8.43.31-PM.jpeg, https://comprasaludable.com/wp-content/uploads/2025/09/WhatsApp-Image-2025-09-04-at-8.43.35-PM.jpeg, https://comprasaludable.com/wp-content/uploads/2025/09/WhatsApp-Image-2025-09-04-at-8.43.37-PM.jpeg",,,,,,,,,0,,Centrum
45140,simple,NB-ACIDO-PRO-120,,"Nature’s Bounty Acidophilus Probiotic (120 tabletas)",1,0,visible,,"<p data-start=""344"" data-end=""561"">¿Problemas de digestión, hinchazón o malestar estomacal? 🌱 Con <strong data-start=""408"" data-end=""449"">Nature’s Bounty Acidophilus Probiotic</strong>, tu sistema digestivo recupera el equilibrio natural de bacterias buenas que protegen tu salud desde adentro.</p>\n<p data-start=""563"" data-end=""725"">Cada tableta contiene <strong data-start=""585"" data-end=""621"">100 millones de organismos vivos</strong> de <em data-start=""625"" data-end=""652"">Lactobacillus Acidophilus</em>, uno de los probióticos más estudiados y recomendados a nivel mundial.</p>\n<p data-start=""727"" data-end=""758"">✨ <strong data-start=""729"" data-end=""756"">Beneficios principales:</strong></p>\n\n<ul data-start=""759"" data-end=""1125"">\n 	<li data-start=""759"" data-end=""817"">\n<p data-start=""761"" data-end=""817"">✅ <strong data-start=""763"" data-end=""786"">Mejora la digestión</strong> y evita gases e incomodidad.</p>\n</li>\n 	<li data-start=""818"" data-end=""906"">\n<p data-start=""820"" data-end=""906"">✅ <strong data-start=""822"" data-end=""854"">Refuerza la flora intestinal</strong>, clave después de antibióticos o comidas pesadas.</p>\n</li>\n 	<li data-start=""907"" data-end=""979"">\n<p data-start=""909"" data-end=""979"">✅ <strong data-start=""911"" data-end=""938"">Apoya el sistema inmune</strong>, fortaleciendo tus defensas naturales.</p>\n</li>\n 	<li data-start=""980"" data-end=""1051"">\n<p data-start=""982"" data-end=""1051"">✅ <strong data-start=""984"" data-end=""1030"">Previene estreñimiento y diarrea ocasional</strong> de manera natural.</p>\n</li>\n 	<li data-start=""1052"" data-end=""1125"">\n<p data-start=""1054"" data-end=""1125"">✅ Ideal para quienes buscan un estómago ligero y saludable día a día.</p>\n</li>\n</ul>\n<p data-start=""1127"" data-end=""1325"">💊 Presentación: 120 tabletas fáciles de tomar.<br data-start=""1174"" data-end=""1177"" />🌿 Producto de calidad internacional, libre de gluten, conservantes y lactosa.<br data-start=""1255"" data-end=""1258"" />👌 Apto para consumo diario y seguro para toda la familia adulta.</p>\n<p data-start=""1327"" data-end=""1454"">👉 Dale a tu intestino la protección que necesita con Nature’s Bounty, la marca confiable de millones de hogares en el mundo.</p>",,,taxable,,1,,,0,0,,,,,1,,,99,"cyber, Ofertas Especiales > Descuentos por tiempo limitado, Por Necesidad > Estreñimiento y Digestión, navidad, Ofertas Especiales, Para ti, Por Necesidad > Estreñimiento y Digestión > Probióticos","acidophilus, bienestar digestivo, flora intestinal, probiotic nature’s bounty, probióticos diarios, salud digestiva",,"https://comprasaludable.com/wp-content/uploads/2025/09/WhatsApp-Image-2025-09-04-at-9.00.05-PM.jpeg, https://comprasaludable.com/wp-content/uploads/2025/09/WhatsApp-Image-2025-09-04-at-9.00.05-PM-1.jpeg, https://comprasaludable.com/wp-content/uploads/2025/09/WhatsApp-Image-2025-09-04-at-9.00.05-PM-2.jpeg, https://comprasaludable.com/wp-content/uploads/2025/09/WhatsApp-Image-2025-09-04-at-9.00.06-PM.jpeg",,,,,,,,,0,,"Nature’s Bounty"
45145,simple,CENTRUM-ADULTS-200T-PE,,"Centrum Adults Multivitamínico (200 tabletas)",1,0,visible,,"<p data-start=""322"" data-end=""548"">¿Sientes cansancio, falta de energía o bajas defensas? 💊 Con <strong data-start=""384"" data-end=""418"">Centrum Adults Multivitamínico</strong>, tendrás la combinación perfecta de vitaminas y minerales esenciales para mantenerte activo, fuerte y saludable todos los días.</p>\n<p data-start=""550"" data-end=""775"">Diseñado especialmente para <strong data-start=""578"" data-end=""597"">adultos en Perú</strong>, Centrum es la marca #1 en el mundo en multivitamínicos y ahora está disponible para ti con su presentación de <strong data-start=""709"" data-end=""725"">200 tabletas</strong>, ideal para varios meses de nutrición completa.</p>\n<p data-start=""777"" data-end=""808"">✨ <strong data-start=""779"" data-end=""806"">Beneficios principales:</strong></p>\n\n<ul data-start=""809"" data-end=""1210"">\n 	<li data-start=""809"" data-end=""890"">\n<p data-start=""811"" data-end=""890"">✅ <strong data-start=""813"" data-end=""832"">Energía diaria:</strong> combate el cansancio y el estrés del trabajo o estudio.</p>\n</li>\n 	<li data-start=""891"" data-end=""975"">\n<p data-start=""893"" data-end=""975"">✅ <strong data-start=""895"" data-end=""926"">Refuerza el sistema inmune:</strong> más defensas frente a resfríos y enfermedades.</p>\n</li>\n 	<li data-start=""976"" data-end=""1060"">\n<p data-start=""978"" data-end=""1060"">✅ <strong data-start=""980"" data-end=""1013"">Apoyo digestivo y metabólico:</strong> mejora el aprovechamiento de los nutrientes.</p>\n</li>\n 	<li data-start=""1061"" data-end=""1142"">\n<p data-start=""1063"" data-end=""1142"">✅ <strong data-start=""1065"" data-end=""1094"">Huesos y músculos fuertes</strong> gracias a vitaminas D, B12 y minerales clave.</p>\n</li>\n 	<li data-start=""1143"" data-end=""1210"">\n<p data-start=""1145"" data-end=""1210"">✅ <strong data-start=""1147"" data-end=""1175"">Salud general balanceada</strong> para mantenerte siempre al 100%.</p>\n</li>\n</ul>\n<p data-start=""1212"" data-end=""1389"">💊 Presentación: 200 tabletas fáciles de ingerir.<br data-start=""1261"" data-end=""1264"" />🌍 Marca líder mundial, recomendada por especialistas.<br data-start=""1318"" data-end=""1321"" />👌 Ideal para hombres y mujeres adultos que buscan salud integral.</p>\n<p data-start=""1391"" data-end=""1489"">👉 No dejes que la rutina te quite energía. Dale a tu cuerpo lo que necesita con Centrum Adults.</p>\n\n\n<hr data-start=""1491"" data-end=""1494"" />\n\n<h3 data-start=""1496"" data-end=""1514""><strong data-start=""1500"" data-end=""1512"">Tags SEO</strong></h3>\n<p data-start=""1515"" data-end=""1671"">centrum adults peru, multivitaminico peru, vitaminas y minerales adultos, suplemento energia peru, vitaminas defensas sistema inmune, centrum 200 tabletas</p>",,,taxable,,1,2,,0,0,,,,,1,,,170,"Para ti > Adultos Mayores (50+), cyber, Ofertas Especiales > Descuentos por tiempo limitado, Por Necesidad > Más Energía y Vitalidad, Vitaminas y Suplementos > Multivitamínicos, navidad, Ofertas Especiales, Para ti > Para Hombres, Para ti, Por Necesidad, Sin categorizar, Por Necesidad > Sistema Inmunológico Fuerte, Vitaminas y Suplementos","centrum adults, defensas naturales, energía diaria, multivitamínico adulto, Suplemento Nutricional, vitaminas diarias",,"https://comprasaludable.com/wp-content/uploads/2025/09/WhatsApp-Image-2025-09-04-at-9.18.05-PM-6.jpeg, https://comprasaludable.com/wp-content/uploads/2025/09/WhatsApp-Image-2025-09-04-at-9.18.05-PM-5.jpeg, https://comprasaludable.com/wp-content/uploads/2025/09/WhatsApp-Image-2025-09-04-at-9.18.05-PM-4.jpeg, https://comprasaludable.com/wp-content/uploads/2025/09/WhatsApp-Image-2025-09-04-at-9.18.05-PM-3.jpeg, https://comprasaludable.com/wp-content/uploads/2025/09/WhatsApp-Image-2025-09-04-at-9.18.05-PM-2.jpeg, https://comprasaludable.com/wp-content/uploads/2025/09/WhatsApp-Image-2025-09-04-at-9.18.05-PM-1.jpeg",,,,,,,,,0,,Centrum
45152,simple,CENTRUM-W50-100T-PE,,"Centrum Silver Women 50+ (100 tabletas)",1,0,visible,,"<p data-start=""321"" data-end=""583"">Con la edad, las necesidades nutricionales cambian y el cuerpo requiere un <strong data-start=""396"" data-end=""413"">soporte extra</strong> para mantenerse fuerte, activo y saludable. Por eso, <strong data-start=""467"" data-end=""495"">Centrum Silver Women 50+</strong> es el multivitamínico diseñado especialmente para mujeres peruanas de más de 50 años.</p>\n<p data-start=""585"" data-end=""792"">💜 Formulado con vitaminas y minerales que apoyan el <strong data-start=""638"" data-end=""673"">corazón, cerebro, huesos y ojos</strong>, este suplemento te brinda la energía y protección que necesitas para disfrutar cada etapa de tu vida con vitalidad.</p>\n<p data-start=""794"" data-end=""819"">✨ <strong data-start=""796"" data-end=""817"">Beneficios clave:</strong></p>\n\n<ul data-start=""820"" data-end=""1146"">\n 	<li data-start=""820"" data-end=""892"">\n<p data-start=""822"" data-end=""892"">✅ <strong data-start=""824"" data-end=""841"">Corazón sano:</strong> nutrientes que ayudan a la salud cardiovascular.</p>\n</li>\n 	<li data-start=""893"" data-end=""957"">\n<p data-start=""895"" data-end=""957"">✅ <strong data-start=""897"" data-end=""916"">Cerebro activo:</strong> apoyo a la memoria y la concentración.</p>\n</li>\n 	<li data-start=""958"" data-end=""1018"">\n<p data-start=""960"" data-end=""1018"">✅ <strong data-start=""962"" data-end=""981"">Huesos fuertes:</strong> con calcio, vitamina D y magnesio.</p>\n</li>\n 	<li data-start=""1019"" data-end=""1078"">\n<p data-start=""1021"" data-end=""1078"">✅ <strong data-start=""1023"" data-end=""1044"">Visión saludable:</strong> vitaminas A, C y antioxidantes.</p>\n</li>\n 	<li data-start=""1079"" data-end=""1146"">\n<p data-start=""1081"" data-end=""1146"">✅ <strong data-start=""1083"" data-end=""1105"">Defensas elevadas:</strong> fortalece tu sistema inmune día a día.</p>\n</li>\n</ul>\n<p data-start=""1148"" data-end=""1286"">💊 Presentación: frasco de 100 tabletas.<br data-start=""1188"" data-end=""1191"" />🌸 Ideal para mujeres mayores de 50 años.<br data-start=""1232"" data-end=""1235"" />🌍 Marca Centrum, multivitamínico #1 en el mundo.</p>\n<p data-start=""1288"" data-end=""1367"">👉 Siéntete segura, fuerte y con energía para seguir disfrutando de cada día.</p>",,,taxable,,1,2,,0,0,,,,,1,,,110,"Para ti > Adultos Mayores (50+), cyber, Ofertas Especiales > Descuentos por tiempo limitado, Por Necesidad > Más Energía y Vitalidad, Vitaminas y Suplementos > Multivitamínicos, Para ti > Para Mujeres, Para ti, Por Necesidad, Por Necesidad > Sistema Inmunológico Fuerte","bienestar integral, centrum silver women, defensas, energía mujer adulta, multivitamínico mujer 50+, salud femenina",,"https://comprasaludable.com/wp-content/uploads/2025/09/WhatsApp-Image-2025-09-04-at-9.32.43-PM.jpeg, https://comprasaludable.com/wp-content/uploads/2025/09/WhatsApp-Image-2025-09-04-at-9.32.43-PM-1.jpeg, https://comprasaludable.com/wp-content/uploads/2025/09/WhatsApp-Image-2025-09-04-at-9.32.44-PM.jpeg, https://comprasaludable.com/wp-content/uploads/2025/09/WhatsApp-Image-2025-09-04-at-9.32.44-PM-1.jpeg, https://comprasaludable.com/wp-content/uploads/2025/09/WhatsApp-Image-2025-09-04-at-9.32.44-PM-2.jpeg, https://comprasaludable.com/wp-content/uploads/2025/09/WhatsApp-Image-2025-09-04-at-9.32.44-PM-3.jpeg, https://comprasaludable.com/wp-content/uploads/2025/09/WhatsApp-Image-2025-09-04-at-9.32.44-PM-4.jpeg",,,,,,,,,0,,Centrum
45160,simple,143519391-1,,"Flexacil Ultra Pack X3 - Capsulas + Crema (copia)",1,1,visible,,"Flexacil es un suplemento diseñado para ayudar a restaurar y mantener la salud de las articulaciones, especialmente para personas que padecen de artritis.\n\nBeneficios\n\n1. Aliviar dolores articulares: Reduce la inflamación y el dolor en las articulaciones.\n2. Mejorar la función articular: Aumenta la lubricación y reduce la rigidez en las articulaciones.\n3. Fortalecer los cartílagos: Estimula la producción de condroitina, una sustancia clave para la salud del cartílago.\n4. Reducir la inflamación: Gracias a las propiedades antiinflamatorias de sus ingredientes.\n\nIngredientes\n\n- Colágeno hidrolizado\n- Harina de arándanos\n- Cartílago de tiburón\n- Uña de gato\n- Cúrcuma\n- Magnesio\n\nCómo Tomar Flexacil\n\n1. Tomar 2 cápsulas diarias, una por la mañana y otra por la noche antes de las comidas.\n2. Curso mínimo recomendado: 1 mes (3 frascos)",,,taxable,,1,20,,0,0,,,,,1,,239,544,"cyber, Ofertas Especiales > Descuentos por tiempo limitado, Por Necesidad > Dolor Articular, Pack X3, Para ti, Por Necesidad, Productos Destacados, Sin categorizar","aliviar dolor articular, antiinflamatorio natural, artritis tratamiento natural, colágeno para articulaciones, salud articular, suplemento para articulaciones",,https://comprasaludable.com/wp-content/uploads/2025/07/image-3.jpg,,,,,,,,,0,,"Flexaxil Ultra"
45518,simple,NN-OMG3-90PER,,"Omega-3 Nordic Naturals - 90 cápsulas",1,0,visible,,"<p data-start=""306"" data-end=""623"">Cuida tu corazón y tu mente con <strong data-start=""338"" data-end=""365"">Nordic Naturals Omega-3</strong>, el suplemento premium de aceite de pescado más recomendado en el mundo 🌊.<br data-start=""441"" data-end=""444"" />Con su delicioso sabor natural a limón 🍋 y su pureza certificada, aporta <strong data-start=""518"" data-end=""549"">690 mg de Omega-3 por dosis</strong> para fortalecer tu salud cardiovascular, tu concentración y tus defensas.</p>\n<p data-start=""625"" data-end=""884"">Ideal para quienes buscan mantenerse activos, con energía y claridad mental todos los días.<br data-start=""716"" data-end=""719"" />Perfecto para el estilo de vida peruano: acompaña tus comidas, cuida tu corazón y mejora tu bienestar general.<br data-start=""829"" data-end=""832"" />✨ <strong data-start=""834"" data-end=""884"">Siéntete bien por dentro y por fuera cada día.</strong></p>\n\n\n<hr data-start=""886"" data-end=""889"" />\n\n<h3 data-start=""891"" data-end=""926"">🌿 <strong data-start=""898"" data-end=""926"">3. Beneficios destacados</strong></h3>\n<ul data-start=""927"" data-end=""1194"">\n 	<li data-start=""927"" data-end=""982"">\n<p data-start=""929"" data-end=""982"">❤️ Apoya la <strong data-start=""941"" data-end=""962"">salud del corazón</strong> y la circulación.</p>\n</li>\n 	<li data-start=""983"" data-end=""1037"">\n<p data-start=""985"" data-end=""1037"">🧠 Favorece la <strong data-start=""1000"" data-end=""1034"">memoria y concentración mental</strong>.</p>\n</li>\n 	<li data-start=""1038"" data-end=""1082"">\n<p data-start=""1040"" data-end=""1082"">💪 Refuerza el <strong data-start=""1055"" data-end=""1079"">sistema inmunológico</strong>.</p>\n</li>\n 	<li data-start=""1083"" data-end=""1141"">\n<p data-start=""1085"" data-end=""1141"">🌞 Mejora el <strong data-start=""1098"" data-end=""1138"">estado de ánimo y niveles de energía</strong>.</p>\n</li>\n 	<li data-start=""1142"" data-end=""1194"">\n<p data-start=""1144"" data-end=""1194"">🍋 Sabor natural a limón, sin regusto a pescado.</p>\n</li>\n</ul>\n\n<hr data-start=""1196"" data-end=""1199"" />\n\n<h3 data-start=""1201"" data-end=""1236"">📦 <strong data-start=""1208"" data-end=""1236"">4. Detalles del producto</strong></h3>\n<ul data-start=""1237"" data-end=""1570"">\n 	<li data-start=""1237"" data-end=""1299"">\n<p data-start=""1239"" data-end=""1299""><strong data-start=""1239"" data-end=""1256"">Presentación:</strong> Frasco de 90 cápsulas blandas (softgels)</p>\n</li>\n 	<li data-start=""1300"" data-end=""1358"">\n<p data-start=""1302"" data-end=""1358""><strong data-start=""1302"" data-end=""1324"">Dosis recomendada:</strong> 2 cápsulas al día con alimentos</p>\n</li>\n 	<li data-start=""1359"" data-end=""1406"">\n<p data-start=""1361"" data-end=""1406""><strong data-start=""1361"" data-end=""1382"">Edad recomendada:</strong> Adultos desde 18 años</p>\n</li>\n 	<li data-start=""1407"" data-end=""1437"">\n<p data-start=""1409"" data-end=""1437""><strong data-start=""1409"" data-end=""1420"">Origen:</strong> Estados Unidos</p>\n</li>\n 	<li data-start=""1438"" data-end=""1468"">\n<p data-start=""1440"" data-end=""1468""><strong data-start=""1440"" data-end=""1450"">Marca:</strong> Nordic Naturals</p>\n</li>\n 	<li data-start=""1469"" data-end=""1497"">\n<p data-start=""1471"" data-end=""1497""><strong data-start=""1471"" data-end=""1481"">Sabor:</strong> Limón natural</p>\n</li>\n 	<li data-start=""1498"" data-end=""1570"">\n<p data-start=""1500"" data-end=""1570""><strong data-start=""1500"" data-end=""1526"">Contenido por porción:</strong> 690 mg de ácidos grasos Omega-3 (EPA + DHA)</p>\n</li>\n</ul>",,,taxable,,1,1,,0,0,,,,,1,,,195,"Ofertas Especiales > 2x1 y Combos, cyber, Ofertas Especiales > Descuentos por tiempo limitado, Por Necesidad > Más Energía y Vitalidad, Mejor Inmunidad, Por Necesidad > Memoria y concentración, Ofertas Especiales, Vitaminas y Suplementos > Omega 3 y aceites, Para ti, Por Necesidad > Sistema Inmunológico Fuerte, Vitaminas y Suplementos","aceite de pescado, bienestar diario, epa dha, nordic naturals, omega 3, salud del corazón, suplemento omega 3",,"https://comprasaludable.com/wp-content/uploads/2025/10/JHJHJJHHH.jpeg, https://comprasaludable.com/wp-content/uploads/2025/10/KJKJJKWE.jpeg, https://comprasaludable.com/wp-content/uploads/2025/10/GFGFGGFD.jpeg, https://comprasaludable.com/wp-content/uploads/2025/10/REEEERERR.jpeg",,,,,,,,,0,,"Nordic Naturals"
45523,simple,NB-HSN-ADV150PER,,"Hair, Skin & Nails Advanced 5000mcg - 150 Capsulas",1,0,visible,,"<p data-start=""324"" data-end=""621"">✨ <strong data-start=""326"" data-end=""389"">Luce un cabello fuerte, una piel radiante y uñas saludables</strong> con <strong data-start=""394"" data-end=""441"">Nature’s Bounty Hair, Skin &amp; Nails Advanced</strong>.<br data-start=""442"" data-end=""445"" />Este suplemento combina <strong data-start=""469"" data-end=""497"">biotina doble (5000 mcg)</strong>, <strong data-start=""499"" data-end=""532"">vitaminas C y E antioxidantes</strong>, <strong data-start=""534"" data-end=""555"">ácido hialurónico</strong> y <strong data-start=""558"" data-end=""577"">aceite de argán</strong> para nutrir tu belleza desde el interior.</p>\n<p data-start=""623"" data-end=""893"">Ideal para mujeres que buscan mantener su brillo natural en medio del estrés, el clima y la rutina diaria 🌸.<br data-start=""741"" data-end=""744"" />Su fórmula avanzada favorece la producción natural de colágeno, mejora la elasticidad de la piel y fortalece el crecimiento del cabello y las uñas.</p>\n<p data-start=""895"" data-end=""966"">💖 <strong data-start=""898"" data-end=""966"">Resalta tu belleza natural cada día, desde adentro hacia afuera.</strong></p>\n\n\n<hr data-start=""968"" data-end=""971"" />\n\n<h3 data-start=""973"" data-end=""1008""><strong data-start=""980"" data-end=""1008"">Beneficios destacados</strong></h3>\n<ul data-start=""1009"" data-end=""1357"">\n 	<li data-start=""1009"" data-end=""1075"">\n<p data-start=""1011"" data-end=""1075"">💆‍♀️ <strong data-start=""1017"" data-end=""1073"">Cabello más fuerte, brillante y con volumen natural.</strong></p>\n</li>\n 	<li data-start=""1076"" data-end=""1117"">\n<p data-start=""1078"" data-end=""1117"">💅 <strong data-start=""1081"" data-end=""1115"">Uñas resistentes y saludables.</strong></p>\n</li>\n 	<li data-start=""1118"" data-end=""1166"">\n<p data-start=""1120"" data-end=""1166"">🌸 <strong data-start=""1123"" data-end=""1164"">Piel más hidratada, luminosa y firme.</strong></p>\n</li>\n 	<li data-start=""1167"" data-end=""1251"">\n<p data-start=""1169"" data-end=""1251"">💧 Contiene <strong data-start=""1181"" data-end=""1220"">ácido hialurónico y aceite de argán</strong> para una nutrición profunda.</p>\n</li>\n 	<li data-start=""1252"" data-end=""1357"">\n<p data-start=""1254"" data-end=""1357"">🌿 Enriquecido con <strong data-start=""1273"" data-end=""1306"">vitaminas C y E antioxidantes</strong> que protegen contra el envejecimiento prematuro.</p>\n</li>\n</ul>\n\n<hr data-start=""1359"" data-end=""1362"" />\n\n<h3 data-start=""1364"" data-end=""1399""><strong data-start=""1371"" data-end=""1399""> Detalles del producto</strong></h3>\n<ul data-start=""1400"" data-end=""1763"">\n 	<li data-start=""1400"" data-end=""1464"">\n<p data-start=""1402"" data-end=""1464""><strong data-start=""1402"" data-end=""1419"">Presentación:</strong> Frasco con 150 cápsulas blandas (softgels)</p>\n</li>\n 	<li data-start=""1465"" data-end=""1539"">\n<p data-start=""1467"" data-end=""1539""><strong data-start=""1467"" data-end=""1489"">Dosis recomendada:</strong> 3 cápsulas al día preferentemente con alimentos</p>\n</li>\n 	<li data-start=""1540"" data-end=""1587"">\n<p data-start=""1542"" data-end=""1587""><strong data-start=""1542"" data-end=""1563"">Edad recomendada:</strong> Adultos desde 18 años</p>\n</li>\n 	<li data-start=""1588"" data-end=""1618"">\n<p data-start=""1590"" data-end=""1618""><strong data-start=""1590"" data-end=""1601"">Origen:</strong> Estados Unidos</p>\n</li>\n 	<li data-start=""1619"" data-end=""1649"">\n<p data-start=""1621"" data-end=""1649""><strong data-start=""1621"" data-end=""1631"">Marca:</strong> Nature’s Bounty</p>\n</li>\n 	<li data-start=""1650"" data-end=""1763"">\n<p data-start=""1652"" data-end=""1763""><strong data-start=""1652"" data-end=""1673"">Fórmula avanzada:</strong> 5000 mcg de biotina por porción + vitaminas C y E + ácido hialurónico + aceite de argán</p>\n</li>\n</ul>",,,taxable,,1,5,,0,0,,,,,1,,,129,"Ofertas Especiales > 2x1 y Combos, Vitaminas y Suplementos > Biotina, Vitaminas y Suplementos > Colágeno, cyber, Ofertas Especiales > Descuentos por tiempo limitado, Para ti > Para Mujeres, Para ti, Por Necesidad > Piel y Cabello Radiante, Por Necesidad > Problemas de Piel y Acne, Sin categorizar","belleza integral, biotina 5000 mcg, cabello fuerte, hair skin nails, piel sana, suplemento belleza, uñas saludables",,"https://comprasaludable.com/wp-content/uploads/2025/10/ghghg.jpeg, https://comprasaludable.com/wp-content/uploads/2025/10/hshsh.jpeg, https://comprasaludable.com/wp-content/uploads/2025/10/ytghyggf.jpeg",,,,,,,,,0,,"Nature’s Bounty"
45529,simple,NW-D3-1000PER,,"Vitamina D3 5000UI (125 mcg) NatureWise - 360 Softgel",1,0,visible,,"<p data-start=""360"" data-end=""602"">La <strong data-start=""403"" data-end=""432"">Vitamina D3 de NatureWise</strong> es un suplemento natural que apoya la <strong data-start=""471"" data-end=""536"">salud de tus huesos, dientes, músculos y sistema inmunológico</strong>, especialmente cuando no recibes suficiente sol durante el día.</p>\n<p data-start=""360"" data-end=""602"">Cada cápsula ofrece una dosis pura y natural de vitamina D3, <strong data-start=""810"" data-end=""861"">sin gluten, sin OMG y sin aditivos artificiales</strong>, elaborada bajo los más altos estándares de calidad en EE. UU.</p>\n<p data-start=""928"" data-end=""1123"">✨ Perfecta para quienes buscan <strong data-start=""959"" data-end=""1028"">fortalecer su cuerpo, mejorar su ánimo y cuidar su salud integral</strong> desde adentro.<br data-start=""1043"" data-end=""1046"" /><strong data-start=""1046"" data-end=""1123"">Cuida tus huesos, activa tus defensas.</strong></p>\n\n\n<hr data-start=""1125"" data-end=""1128"" />\n\n<h3 data-start=""1130"" data-end=""1165""><strong data-start=""1137"" data-end=""1165"">Beneficios destacados</strong></h3>\n<ul data-start=""1166"" data-end=""1461"">\n 	<li data-start=""1166"" data-end=""1221"">\n<p data-start=""1168"" data-end=""1221"">☀️ <strong data-start=""1171"" data-end=""1201"">Fortalece huesos y dientes</strong> de forma natural.</p>\n</li>\n 	<li data-start=""1222"" data-end=""1275"">\n<p data-start=""1224"" data-end=""1275"">🦴 <strong data-start=""1227"" data-end=""1262"">Favorece la absorción de calcio</strong> y fósforo.</p>\n</li>\n 	<li data-start=""1276"" data-end=""1337"">\n<p data-start=""1278"" data-end=""1337"">💪 <strong data-start=""1281"" data-end=""1335"">Apoya la función muscular y el rendimiento físico.</strong></p>\n</li>\n 	<li data-start=""1338"" data-end=""1403"">\n<p data-start=""1340"" data-end=""1403"">🛡️ <strong data-start=""1344"" data-end=""1380"">Refuerza el sistema inmunológico</strong> durante todo el año.</p>\n</li>\n 	<li data-start=""1404"" data-end=""1461"">\n<p data-start=""1406"" data-end=""1461"">🌿 <strong data-start=""1409"" data-end=""1461"">Sin gluten, sin OMG y sin aditivos artificiales.</strong></p>\n</li>\n</ul>\n\n<hr data-start=""1463"" data-end=""1466"" />\n\n<h3 data-start=""1468"" data-end=""1503""><strong data-start=""1475"" data-end=""1503"">Detalles del producto</strong></h3>\n<ul data-start=""1504"" data-end=""1912"">\n 	<li data-start=""1504"" data-end=""1553"">\n<p data-start=""1506"" data-end=""1553""><strong data-start=""1506"" data-end=""1523"">Presentación:</strong> Cápsulas blandas (softgels)</p>\n</li>\n 	<li data-start=""1554"" data-end=""1611"">\n<p data-start=""1556"" data-end=""1611""><strong data-start=""1556"" data-end=""1578"">Dosis recomendada:</strong> 1 cápsula al día con alimentos</p>\n</li>\n 	<li data-start=""1612"" data-end=""1659"">\n<p data-start=""1614"" data-end=""1659""><strong data-start=""1614"" data-end=""1635"">Edad recomendada:</strong> Adultos desde 18 años</p>\n</li>\n 	<li data-start=""1660"" data-end=""1690"">\n<p data-start=""1662"" data-end=""1690""><strong data-start=""1662"" data-end=""1673"">Origen:</strong> Estados Unidos</p>\n</li>\n 	<li data-start=""1691"" data-end=""1716"">\n<p data-start=""1693"" data-end=""1716""><strong data-start=""1693"" data-end=""1703"">Marca:</strong> NatureWise</p>\n</li>\n 	<li data-start=""1717"" data-end=""1806"">\n<p data-start=""1719"" data-end=""1806""><strong data-start=""1719"" data-end=""1739"">Certificaciones:</strong> Fabricado bajo normas cGMP, probado por laboratorios de terceros</p>\n</li>\n 	<li data-start=""1807"" data-end=""1912"">\n<p data-start=""1809"" data-end=""1912""><strong data-start=""1809"" data-end=""1825"">Observación:</strong> En climas cálidos las cápsulas pueden agruparse, sin afectar su calidad ni potencia.</p>\n</li>\n</ul>",,,taxable,,1,4,,0,0,,,,,1,,,135,"Ofertas Especiales > 2x1 y Combos, cyber, Ofertas Especiales > Descuentos por tiempo limitado, Mejor Inmunidad, Ofertas Especiales, Para ti, Sin categorizar, Por Necesidad > Sistema Inmunológico Fuerte, Vitaminas y Suplementos > Vitaminas B / C / D / E, Vitaminas y Suplementos","defensas naturales, naturewise d3, salud ósea, sistema inmune, suplemento adulto, vitamina d 5000 ui, vitamina d3",,"https://comprasaludable.com/wp-content/uploads/2025/10/WhatsApp-Image-2025-10-25-at-8.14.29-PM.jpeg, https://comprasaludable.com/wp-content/uploads/2025/10/WhatsApp-Image-2025-10-25-at-8.14.29-PM-1.jpeg, https://comprasaludable.com/wp-content/uploads/2025/10/WhatsApp-Image-2025-10-25-at-8.14.29-PM-2.jpeg, https://comprasaludable.com/wp-content/uploads/2025/10/WhatsApp-Image-2025-10-25-at-8.14.30-PM.jpeg, https://comprasaludable.com/wp-content/uploads/2025/10/WhatsApp-Image-2025-10-25-at-8.14.30-PM-1.jpeg",,,,,,,,,0,,NatureWise
45547,simple,SA-7SEM-CAC500PER,,"7 Semillas + Cacao - Energía y nutrición natural (500gr)",1,0,visible,,"<h3 data-start=""278"" data-end=""316""></h3>\n<p data-start=""317"" data-end=""667"">🌿 <strong data-start=""320"" data-end=""384"">Nutre tu cuerpo con la fuerza de los superalimentos andinos.</strong><br data-start=""384"" data-end=""387"" />El suplemento <strong data-start=""401"" data-end=""437"">7 Semillas + Cacao de Sur Andino</strong> combina lo mejor de la naturaleza peruana: una mezcla equilibrada de <strong data-start=""507"" data-end=""567"">quinua, kiwicha, linaza, chía, ajonjolí, soya y amaranto</strong>, enriquecida con <strong data-start=""585"" data-end=""602"">cacao natural</strong> para brindarte energía, proteínas y antioxidantes cada día. 🍫</p>\n<p data-start=""669"" data-end=""948"">Ideal para quienes buscan una <strong data-start=""699"" data-end=""746"">alimentación saludable, deliciosa y natural</strong>, ya sea en el desayuno, batidos o como complemento nutricional.<br data-start=""810"" data-end=""813"" />Perfecto para deportistas, estudiantes, adultos mayores y toda persona que quiera mantener una buena salud digestiva y más vitalidad.</p>\n<p data-start=""950"" data-end=""1013"">💪 <strong data-start=""953"" data-end=""1013"">Empieza tus mañanas con energía natural y sabor peruano.</strong></p>\n\n\n<hr data-start=""1015"" data-end=""1018"" />\n\n<h3 data-start=""1020"" data-end=""1055"">🌿 <strong data-start=""1027"" data-end=""1055"">. Beneficios destacados</strong></h3>\n<ul data-start=""1056"" data-end=""1365"">\n 	<li data-start=""1056"" data-end=""1106"">\n<p data-start=""1058"" data-end=""1106"">⚡ <strong data-start=""1060"" data-end=""1088"">Aporta energía sostenida</strong> durante el día.</p>\n</li>\n 	<li data-start=""1107"" data-end=""1173"">\n<p data-start=""1109"" data-end=""1173"">💪 <strong data-start=""1112"" data-end=""1143"">Rico en proteínas vegetales</strong> y ácidos grasos saludables.</p>\n</li>\n 	<li data-start=""1174"" data-end=""1239"">\n<p data-start=""1176"" data-end=""1239"">🍫 <strong data-start=""1179"" data-end=""1200"">Con cacao natural</strong>, fuente de antioxidantes y magnesio.</p>\n</li>\n 	<li data-start=""1240"" data-end=""1295"">\n<p data-start=""1242"" data-end=""1295"">🌾 <strong data-start=""1245"" data-end=""1270"">Favorece la digestión</strong> y la salud intestinal.</p>\n</li>\n 	<li data-start=""1296"" data-end=""1365"">\n<p data-start=""1298"" data-end=""1365"">❤️ <strong data-start=""1301"" data-end=""1332"">Fortalece el sistema inmune</strong> y mejora el bienestar general.</p>\n</li>\n</ul>\n\n<hr data-start=""1367"" data-end=""1370"" />\n\n<h3 data-start=""1372"" data-end=""1407"">📦 <strong data-start=""1379"" data-end=""1407"">. Detalles del producto</strong></h3>\n<ul data-start=""1408"" data-end=""1802"">\n 	<li data-start=""1408"" data-end=""1445"">\n<p data-start=""1410"" data-end=""1445""><strong data-start=""1410"" data-end=""1427"">Presentación:</strong> Frasco de 500 g</p>\n</li>\n 	<li data-start=""1446"" data-end=""1539"">\n<p data-start=""1448"" data-end=""1539""><strong data-start=""1448"" data-end=""1465"">Ingredientes:</strong> Quinua, kiwicha, linaza, chía, ajonjolí, soya, amaranto y cacao natural</p>\n</li>\n 	<li data-start=""1540"" data-end=""1647"">\n<p data-start=""1542"" data-end=""1647""><strong data-start=""1542"" data-end=""1558"">Modo de uso:</strong> Disolver 2 cucharadas en leche, agua o jugo; también puede agregarse a batidos o yogurt.</p>\n</li>\n 	<li data-start=""1694"" data-end=""1714"">\n<p data-start=""1696"" data-end=""1714""><strong data-start=""1696"" data-end=""1707"">Origen:</strong> Perú</p>\n</li>\n 	<li data-start=""1715"" data-end=""1740"">\n<p data-start=""1717"" data-end=""1740""><strong data-start=""1717"" data-end=""1727"">Marca:</strong> Sur Andino</p>\n</li>\n 	<li data-start=""1741"" data-end=""1802"">\n<p data-start=""1743"" data-end=""1802""><strong data-start=""1743"" data-end=""1764"">Tipo de producto:</strong> Suplemento nutricional 100% natural</p>\n</li>\n</ul>",,,taxable,,1,20,,0,0,500,,,,1,,,65,"Destacados Peruanos > Cacao Peruano, Destacados Peruanos",SA-7SEM-CAC500PER,,https://comprasaludable.com/wp-content/uploads/2025/10/WhatsApp-Image-2025-10-26-at-6.58.37-PM.jpeg,,,,,,,,,0,,"Sur Andino"
45549,simple,,,"7 Semillas – Energía natural y nutrición (500gr)",1,0,visible,,"<h3 data-start=""264"" data-end=""302""></h3>\n<p data-start=""303"" data-end=""557"">🌿 <strong data-start=""306"" data-end=""366"">Alimenta tu cuerpo con lo mejor de la naturaleza andina.</strong><br data-start=""366"" data-end=""369"" />El suplemento <strong data-start=""383"" data-end=""411"">7 Semillas de Sur Andino</strong> está elaborado con una poderosa mezcla de granos y semillas ancestrales peruanas: <strong data-start=""494"" data-end=""554"">quinua, kiwicha, chía, linaza, ajonjolí, soya y amaranto</strong>.</p>\n<p data-start=""559"" data-end=""755"">Rico en <strong data-start=""567"" data-end=""630"">proteínas vegetales, fibra, omega 3, calcio y antioxidantes</strong>, este superalimento fortalece tu cuerpo, mejora tu digestión y te brinda energía duradera para tus actividades diarias 💪.</p>\n<p data-start=""757"" data-end=""939"">Perfecto para el desayuno o batidos, su sabor natural y textura ligera hacen que cuidarte sea un verdadero placer.<br data-start=""871"" data-end=""874"" />✨ <strong data-start=""876"" data-end=""939"">Empieza tus días con energía y bienestar.</strong></p>\n\n\n<hr data-start=""941"" data-end=""944"" />\n\n<h3 data-start=""946"" data-end=""981"">🌾 <strong data-start=""953"" data-end=""981"">. Beneficios destacados</strong></h3>\n<ul data-start=""982"" data-end=""1282"">\n 	<li data-start=""982"" data-end=""1031"">\n<p data-start=""984"" data-end=""1031"">⚡ <strong data-start=""986"" data-end=""1029"">Aumenta tu energía y vitalidad natural.</strong></p>\n</li>\n 	<li data-start=""1032"" data-end=""1095"">\n<p data-start=""1034"" data-end=""1095"">💪 <strong data-start=""1037"" data-end=""1067"">Aporta proteínas vegetales</strong> para una mejor nutrición.</p>\n</li>\n 	<li data-start=""1096"" data-end=""1154"">\n<p data-start=""1098"" data-end=""1154"">🌿 <strong data-start=""1101"" data-end=""1126"">Favorece la digestión</strong> y el tránsito intestinal.</p>\n</li>\n 	<li data-start=""1155"" data-end=""1217"">\n<p data-start=""1157"" data-end=""1217"">🧠 <strong data-start=""1160"" data-end=""1215"">Contribuye a la concentración y rendimiento físico.</strong></p>\n</li>\n 	<li data-start=""1218"" data-end=""1282"">\n<p data-start=""1220"" data-end=""1282"">❤️ <strong data-start=""1223"" data-end=""1259"">Refuerza tu sistema inmunológico</strong> y bienestar general.</p>\n</li>\n</ul>\n\n<hr data-start=""1284"" data-end=""1287"" />\n\n<h3 data-start=""1289"" data-end=""1324"">📦 <strong data-start=""1296"" data-end=""1324"">. Detalles del producto</strong></h3>\n<ul data-start=""1325"" data-end=""1708"">\n 	<li data-start=""1325"" data-end=""1362"">\n<p data-start=""1327"" data-end=""1362""><strong data-start=""1327"" data-end=""1344"">Presentación:</strong> Frasco de 500 gr</p>\n</li>\n 	<li data-start=""1363"" data-end=""1441"">\n<p data-start=""1365"" data-end=""1441""><strong data-start=""1365"" data-end=""1382"">Ingredientes:</strong> Quinua, kiwicha, linaza, chía, ajonjolí, soya y amaranto</p>\n</li>\n 	<li data-start=""1442"" data-end=""1549"">\n<p data-start=""1444"" data-end=""1549""><strong data-start=""1444"" data-end=""1460"">Modo de uso:</strong> Disolver 2 cucharadas en leche, agua o jugo; también puede agregarse a batidos o yogurt</p>\n</li>\n 	<li data-start=""1594"" data-end=""1614"">\n<p data-start=""1596"" data-end=""1614""><strong data-start=""1596"" data-end=""1607"">Origen:</strong> Perú</p>\n</li>\n 	<li data-start=""1615"" data-end=""1640"">\n<p data-start=""1617"" data-end=""1640""><strong data-start=""1617"" data-end=""1627"">Marca:</strong> Sur Andino</p>\n</li>\n 	<li data-start=""1641"" data-end=""1708"">\n<p data-start=""1643"" data-end=""1708""><strong data-start=""1643"" data-end=""1652"">Tipo:</strong> Suplemento nutricional 100% natural, sin preservantes</p>\n</li>\n</ul>",,,taxable,,1,20,,0,0,,,,,1,,,65,"Destacados Peruanos, Destacados Peruanos > Maca Andina",SA-7SEM-500PER,,https://comprasaludable.com/wp-content/uploads/2025/10/WhatsApp-Image-2025-10-26-at-7.32.37-PM.jpeg,,,,,,,,,0,,"Sur Andino"
45552,simple,SA-CACAO-500PER,,"Cacao  – Energía, antioxidantes y bienestar natural (500gr)",1,0,visible,,"<p data-start=""305"" data-end=""652"">🌱 <strong data-start=""308"" data-end=""369"">Siente la energía y el sabor auténtico del cacao peruano.</strong><br data-start=""369"" data-end=""372"" />El <strong data-start=""375"" data-end=""395"">Cacao Sur Andino</strong> es un suplemento 100% natural, ideal para fortalecer tu cuerpo, cuidar tu corazón y mejorar tu estado de ánimo.<br data-start=""507"" data-end=""510"" />Rico en <strong data-start=""518"" data-end=""554"">antioxidantes, magnesio y hierro</strong>, ayuda a <strong data-start=""564"" data-end=""634"">combatir el cansancio, reducir el estrés y aportar energía natural</strong> durante el día.</p>\n<p data-start=""654"" data-end=""814"">Proveniente de granos seleccionados del Perú, este cacao puro sin azúcar ni conservantes es perfecto para tus batidos, postres, avenas o bebidas calientes 🍫.</p>\n<p data-start=""816"" data-end=""913"">✨ <strong data-start=""818"" data-end=""913"">Disfruta su sabor intenso y todos los beneficios del cacao andino para tu bienestar diario.</strong></p>\n\n\n<hr data-start=""915"" data-end=""918"" />\n\n<h3 data-start=""920"" data-end=""955"">🌿 <strong data-start=""927"" data-end=""955"">. Beneficios destacados</strong></h3>\n<ul data-start=""956"" data-end=""1283"">\n 	<li data-start=""956"" data-end=""1024"">\n<p data-start=""958"" data-end=""1024"">⚡ <strong data-start=""960"" data-end=""990"">Aumenta la energía natural</strong> y mejora el rendimiento físico.</p>\n</li>\n 	<li data-start=""1025"" data-end=""1097"">\n<p data-start=""1027"" data-end=""1097"">💖 <strong data-start=""1030"" data-end=""1066"">Favorece la salud cardiovascular</strong> gracias a sus antioxidantes.</p>\n</li>\n 	<li data-start=""1098"" data-end=""1155"">\n<p data-start=""1100"" data-end=""1155"">🌞 <strong data-start=""1103"" data-end=""1132"">Mejora el estado de ánimo</strong> y combate el estrés.</p>\n</li>\n 	<li data-start=""1156"" data-end=""1224"">\n<p data-start=""1158"" data-end=""1224"">💪 <strong data-start=""1161"" data-end=""1192"">Aporta minerales esenciales</strong> como magnesio, hierro y zinc.</p>\n</li>\n 	<li data-start=""1225"" data-end=""1283"">\n<p data-start=""1227"" data-end=""1283"">🍫 <strong data-start=""1230"" data-end=""1283"">Ideal para bebidas, postres y batidos saludables.</strong></p>\n</li>\n</ul>\n\n<hr data-start=""1285"" data-end=""1288"" />\n\n<h3 data-start=""1290"" data-end=""1325"">📦 <strong data-start=""1297"" data-end=""1325"">. Detalles del producto</strong></h3>\n<ul data-start=""1326"" data-end=""1657"">\n 	<li data-start=""1326"" data-end=""1363"">\n<p data-start=""1328"" data-end=""1363""><strong data-start=""1328"" data-end=""1345"">Presentación:</strong> Frasco de 500 g</p>\n</li>\n 	<li data-start=""1364"" data-end=""1413"">\n<p data-start=""1366"" data-end=""1413""><strong data-start=""1366"" data-end=""1383"">Ingredientes:</strong> 100% cacao natural en polvo</p>\n</li>\n 	<li data-start=""1414"" data-end=""1491"">\n<p data-start=""1416"" data-end=""1491""><strong data-start=""1416"" data-end=""1432"">Modo de uso:</strong> Agregar 1 a 2 cucharadas a leche, avena, jugos o postres</p>\n</li>\n 	<li data-start=""1538"" data-end=""1558"">\n<p data-start=""1540"" data-end=""1558""><strong data-start=""1540"" data-end=""1551"">Origen:</strong> Perú</p>\n</li>\n 	<li data-start=""1559"" data-end=""1584"">\n<p data-start=""1561"" data-end=""1584""><strong data-start=""1561"" data-end=""1571"">Marca:</strong> Sur Andino</p>\n</li>\n 	<li data-start=""1585"" data-end=""1657"">\n<p data-start=""1587"" data-end=""1657""><strong data-start=""1587"" data-end=""1596"">Tipo:</strong> Suplemento nutricional natural, sin azúcar ni preservantes</p>\n</li>\n</ul>",,,taxable,,1,10,,0,0,,,,,1,,,65,"Destacados Peruanos > Cacao Peruano, Destacados Peruanos, Para ti","antioxidantes naturales, bienestar natural, cacao en polvo, cacao peruano, cacao puro, energía natural, superalimento",,https://comprasaludable.com/wp-content/uploads/2025/10/WhatsApp-Image-2025-10-26-at-6.58.38-PM.jpeg,,,,,,,,,0,,"Sur Andino"
45555,simple,CC-POL-500,,"Camu Camu – Refuerza tus defensas naturalmente (500gr)",1,0,visible,,"<p data-start=""305"" data-end=""586"">🌿 <strong data-start=""308"" data-end=""383"">Refuerza tu sistema inmunológico con la potencia natural del Camu Camu.</strong><br data-start=""383"" data-end=""386"" />El <strong data-start=""389"" data-end=""413"">Camu Camu Sur Andino</strong> es un suplemento 100% natural, rico en <strong data-start=""453"" data-end=""499"">vitamina C, antioxidantes y fitonutrientes</strong>, que ayudan a fortalecer las defensas, combatir el cansancio y mejorar la vitalidad.</p>\n<p data-start=""588"" data-end=""842"">Este fruto amazónico peruano es reconocido mundialmente por contener una de las mayores concentraciones naturales de <strong data-start=""705"" data-end=""719"">vitamina C</strong>, ideal para proteger tu cuerpo de resfríos, mejorar la absorción del hierro y mantener una piel saludable y luminosa 🌞.</p>\n<p data-start=""844"" data-end=""1032"">Perfecto para agregar a jugos, batidos o agua, con un sabor ligeramente ácido y refrescante.<br data-start=""936"" data-end=""939"" />💪 <strong data-start=""942"" data-end=""1032"">Cuida tu salud y energía de forma natural cada día con el poder del Camu Camu peruano.</strong></p>\n\n\n<hr data-start=""1034"" data-end=""1037"" />\n\n<h3 data-start=""1039"" data-end=""1074"">🌿 <strong data-start=""1046"" data-end=""1074"">3. Beneficios destacados</strong></h3>\n<ul data-start=""1075"" data-end=""1436"">\n 	<li data-start=""1075"" data-end=""1163"">\n<p data-start=""1077"" data-end=""1163"">🛡️ <strong data-start=""1081"" data-end=""1118"">Fortalece el sistema inmunológico</strong> gracias a su alto contenido de vitamina C.</p>\n</li>\n 	<li data-start=""1164"" data-end=""1229"">\n<p data-start=""1166"" data-end=""1229"">🍊 <strong data-start=""1169"" data-end=""1195"">Aporta energía natural</strong> y ayuda a reducir el cansancio.</p>\n</li>\n 	<li data-start=""1230"" data-end=""1304"">\n<p data-start=""1232"" data-end=""1304"">🌞 <strong data-start=""1235"" data-end=""1277"">Contribuye a la producción de colágeno</strong> y al cuidado de la piel.</p>\n</li>\n 	<li data-start=""1305"" data-end=""1385"">\n<p data-start=""1307"" data-end=""1385"">💖 <strong data-start=""1310"" data-end=""1354"">Protege contra el envejecimiento celular</strong> gracias a sus antioxidantes.</p>\n</li>\n 	<li data-start=""1386"" data-end=""1436"">\n<p data-start=""1388"" data-end=""1436"">🌿 100% <strong data-start=""1396"" data-end=""1436"">natural, sin azúcar ni preservantes.</strong></p>\n</li>\n</ul>\n\n<hr data-start=""1438"" data-end=""1441"" />\n\n<h3 data-start=""1443"" data-end=""1478"">📦 <strong data-start=""1450"" data-end=""1478"">4. Detalles del producto</strong></h3>\n<ul data-start=""1479"" data-end=""1829"">\n 	<li data-start=""1479"" data-end=""1516"">\n<p data-start=""1481"" data-end=""1516""><strong data-start=""1481"" data-end=""1498"">Presentación:</strong> Frasco de 500 g</p>\n</li>\n 	<li data-start=""1517"" data-end=""1574"">\n<p data-start=""1519"" data-end=""1574""><strong data-start=""1519"" data-end=""1545"">Ingrediente principal:</strong> Camu Camu en polvo natural</p>\n</li>\n 	<li data-start=""1575"" data-end=""1652"">\n<p data-start=""1577"" data-end=""1652""><strong data-start=""1577"" data-end=""1593"">Modo de uso:</strong> Disolver 1 cucharadita en agua, jugo o batidos naturales</p>\n</li>\n 	<li data-start=""1653"" data-end=""1698"">\n<p data-start=""1655"" data-end=""1698""><strong data-start=""1655"" data-end=""1676"">Edad recomendada:</strong> A partir de 12 años</p>\n</li>\n 	<li data-start=""1699"" data-end=""1738"">\n<p data-start=""1701"" data-end=""1738""><strong data-start=""1701"" data-end=""1712"">Origen:</strong> Perú (región amazónica)</p>\n</li>\n 	<li data-start=""1739"" data-end=""1764"">\n<p data-start=""1741"" data-end=""1764""><strong data-start=""1741"" data-end=""1751"">Marca:</strong> Sur Andino</p>\n</li>\n 	<li data-start=""1765"" data-end=""1829"">\n<p data-start=""1767"" data-end=""1829""><strong data-start=""1767"" data-end=""1776"">Tipo:</strong> Suplemento nutricional natural, alto en vitamina C</p>\n</li>\n</ul>",,,taxable,,1,20,,0,0,,,,,1,,65,120,"Destacados Peruanos > Camu Camu, Destacados Peruanos, Para ti","bienestar natural, camu camu, defensas naturales, inmunidad, productos amazónicos, superalimento peruano, vitamina c natural",,https://comprasaludable.com/wp-content/uploads/2025/10/WhatsApp-Image-2025-10-26-at-6.58.38-PM-1.jpeg,,,,,,,,,0,,"Sur Andino"
45589,simple,LE-OPD-MULTI-60,,"Life Extension One-Per-Day Multivitamínico x60 – Energía diaria",1,0,visible,,"<p data-start=""322"" data-end=""534"">Cuida tu salud de forma práctica y completa con <strong data-start=""370"" data-end=""413"">Life Extension One-Per-Day Multivitamin</strong>, un multivitamínico de <strong data-start=""437"" data-end=""454"">alta potencia</strong> diseñado para quienes buscan bienestar real con solo <strong data-start=""508"" data-end=""530"">una tableta al día</strong> 💙.</p>\n<p data-start=""536"" data-end=""785"">Su fórmula avanzada combina <strong data-start=""564"" data-end=""600"">vitaminas y minerales esenciales</strong> que apoyan la energía diaria, el sistema inmunológico y el buen funcionamiento del organismo, ideal para el ritmo de vida activo en el Perú: trabajo, estudios, familia y estrés diario.</p>\n<p data-start=""787"" data-end=""1007"">Además, es <strong data-start=""798"" data-end=""817"">libre de gluten</strong> y <strong data-start=""820"" data-end=""831"">Non-GMO</strong>, pensado para quienes valoran productos de calidad y confianza. Sentirás mayor vitalidad, equilibrio y tranquilidad al saber que estás cuidando tu cuerpo de manera integral ✨.</p>\n\n\n<hr data-start=""1078"" data-end=""1081"" />\n\n<h2 data-start=""1083"" data-end=""1110"">3. Beneficios destacados</h2>\n<ul data-start=""1112"" data-end=""1346"">\n 	<li data-start=""1112"" data-end=""1162"">\n<p data-start=""1114"" data-end=""1162"">💊 <strong data-start=""1117"" data-end=""1142"">Solo 1 tableta al día</strong>, fácil y práctico</p>\n</li>\n 	<li data-start=""1163"" data-end=""1209"">\n<p data-start=""1165"" data-end=""1209"">⚡ Apoya los <strong data-start=""1177"" data-end=""1199"">niveles de energía</strong> diarios</p>\n</li>\n 	<li data-start=""1210"" data-end=""1256"">\n<p data-start=""1212"" data-end=""1256"">🛡️ Contribuye al <strong data-start=""1230"" data-end=""1254"">sistema inmunológico</strong></p>\n</li>\n 	<li data-start=""1257"" data-end=""1311"">\n<p data-start=""1259"" data-end=""1311"">🧠 Apoyo general para el bienestar físico y mental</p>\n</li>\n 	<li data-start=""1312"" data-end=""1346"">\n<p data-start=""1314"" data-end=""1346"">🌱 <strong data-start=""1317"" data-end=""1346"">Libre de gluten y Non-GMO</strong></p>\n</li>\n</ul>\n\n<hr data-start=""1348"" data-end=""1351"" />\n\n<h2 data-start=""1353"" data-end=""1380"">4. Detalles del producto</h2>\n<ul data-start=""1382"" data-end=""1596"">\n 	<li data-start=""1382"" data-end=""1426"">\n<p data-start=""1384"" data-end=""1426""><strong data-start=""1384"" data-end=""1401"">Presentación:</strong> Frasco con 60 tabletas</p>\n</li>\n 	<li data-start=""1427"" data-end=""1501"">\n<p data-start=""1429"" data-end=""1501""><strong data-start=""1429"" data-end=""1445"">Modo de uso:</strong> Tomar 1 tableta diaria, preferentemente con alimentos</p>\n</li>\n 	<li data-start=""1502"" data-end=""1535"">\n<p data-start=""1504"" data-end=""1535""><strong data-start=""1504"" data-end=""1525"">Edad recomendada:</strong> Adultos</p>\n</li>\n 	<li data-start=""1536"" data-end=""1566"">\n<p data-start=""1538"" data-end=""1566""><strong data-start=""1538"" data-end=""1549"">Origen:</strong> Estados Unidos</p>\n</li>\n 	<li data-start=""1567"" data-end=""1596"">\n<p data-start=""1569"" data-end=""1596""><strong data-start=""1569"" data-end=""1579"">Marca:</strong> Life Extension</p>\n</li>\n</ul>",,,taxable,,1,10,,0,0,,,,,1,,,195,"cyber, Mejor Inmunidad, Vitaminas y Suplementos > Multivitamínicos, Para ti, Por Necesidad > Sistema Inmunológico Fuerte","bienestar integral, energía diaria, life extension one per day, multivitamínico diario, Suplemento Nutricional, vitaminas adulto",,"https://comprasaludable.com/wp-content/uploads/2025/12/dfgdgd.jpeg, https://comprasaludable.com/wp-content/uploads/2025/12/thfhfhf.jpeg",,,,,,,,,0,,"life extension"
45595,simple,SR-COLL-PEP-454,,"Collagen Peptides Sports Research 454 g – Piel, uñas y articulaciones",1,0,visible,,"<p data-start=""325"" data-end=""567"">Refuerza tu belleza y bienestar desde adentro con <strong data-start=""375"" data-end=""415"">Collagen Peptides de Sports Research</strong>, un colágeno hidrolizado de alta calidad, ideal para quienes desean cuidar su <strong data-start=""494"" data-end=""534"">piel, cabello, uñas y articulaciones</strong> de forma natural y efectiva 💪✨.</p>\n<p data-start=""569"" data-end=""930"">Su fórmula <strong data-start=""580"" data-end=""593"">sin sabor</strong> se disuelve fácilmente en agua, jugos, café o batidos, adaptándose sin problema a la rutina diaria del público peruano. Elaborado con <strong data-start=""728"" data-end=""753"">colágeno tipo I y III</strong>, ayuda a mantener la firmeza de la piel, fortalecer las uñas y brindar soporte a las articulaciones, especialmente en personas activas o que buscan un envejecimiento saludable.</p>\n<p data-start=""932"" data-end=""1136"">Además, es <strong data-start=""943"" data-end=""972"">libre de gluten y Non-GMO</strong>, perfecto para quienes priorizan productos limpios y confiables. Notarás una sensación de mayor elasticidad, fortaleza y bienestar general con el uso constante 💙.</p>\n<p data-start=""1138"" data-end=""1196"">👉 <strong data-start=""1141"" data-end=""1196"">Cuida tu cuerpo hoy y siéntete bien todos los días.</strong></p>\n\n\n<hr data-start=""1198"" data-end=""1201"" />\n\n<h2 data-start=""1203"" data-end=""1230"">3. Beneficios destacados</h2>\n<ul data-start=""1232"" data-end=""1472"">\n 	<li data-start=""1232"" data-end=""1291"">\n<p data-start=""1234"" data-end=""1291"">✨ Ayuda a mejorar la <strong data-start=""1255"" data-end=""1291"">elasticidad y firmeza de la piel</strong></p>\n</li>\n 	<li data-start=""1292"" data-end=""1325"">\n<p data-start=""1294"" data-end=""1325"">💅 Fortalece <strong data-start=""1307"" data-end=""1325"">uñas y cabello</strong></p>\n</li>\n 	<li data-start=""1326"" data-end=""1375"">\n<p data-start=""1328"" data-end=""1375"">🦴 Brinda soporte a <strong data-start=""1348"" data-end=""1375"">articulaciones y huesos</strong></p>\n</li>\n 	<li data-start=""1376"" data-end=""1437"">\n<p data-start=""1378"" data-end=""1437"">☕ <strong data-start=""1380"" data-end=""1393"">Sin sabor</strong>, fácil de mezclar con tus bebidas favoritas</p>\n</li>\n 	<li data-start=""1438"" data-end=""1472"">\n<p data-start=""1440"" data-end=""1472"">🌱 <strong data-start=""1443"" data-end=""1472"">Libre de gluten y Non-GMO</strong></p>\n</li>\n</ul>\n\n<hr data-start=""1474"" data-end=""1477"" />\n\n<h2 data-start=""1479"" data-end=""1506"">4. Detalles del producto</h2>\n<ul data-start=""1508"" data-end=""1724"">\n 	<li data-start=""1508"" data-end=""1552"">\n<p data-start=""1510"" data-end=""1552""><strong data-start=""1510"" data-end=""1527"">Presentación:</strong> Envase de 454 g (1 lb)</p>\n</li>\n 	<li data-start=""1553"" data-end=""1628"">\n<p data-start=""1555"" data-end=""1628""><strong data-start=""1555"" data-end=""1571"">Modo de uso:</strong> Mezclar 1 porción diaria en agua, café, jugo o batidos</p>\n</li>\n 	<li data-start=""1629"" data-end=""1662"">\n<p data-start=""1631"" data-end=""1662""><strong data-start=""1631"" data-end=""1652"">Edad recomendada:</strong> Adultos</p>\n</li>\n 	<li data-start=""1663"" data-end=""1693"">\n<p data-start=""1665"" data-end=""1693""><strong data-start=""1665"" data-end=""1676"">Origen:</strong> Estados Unidos</p>\n</li>\n 	<li data-start=""1694"" data-end=""1724"">\n<p data-start=""1696"" data-end=""1724""><strong data-start=""1696"" data-end=""1706"">Marca:</strong> Sports Research</p>\n</li>\n</ul>",,,taxable,,1,7,,0,0,,,,,1,,,325,"Colageno, Vitaminas y Suplementos > Colágeno, cyber, Por Necesidad > Dolor Articular, Para ti, Por Necesidad > Piel y Cabello Radiante","belleza y bienestar, colágeno hidrolizado, collagen peptides, piel y articulaciones, sports research, suplemento adulto, uñas fuertes",,"https://comprasaludable.com/wp-content/uploads/2025/12/hghjg.jpeg, https://comprasaludable.com/wp-content/uploads/2025/12/hjgjh.jpeg, https://comprasaludable.com/wp-content/uploads/2025/12/gsdada.jpeg, https://comprasaludable.com/wp-content/uploads/2025/12/jhkhkhk.jpeg, https://comprasaludable.com/wp-content/uploads/2025/12/jghjg.jpeg",,,,,,,,,0,,"Sport Research"
45602,simple,SR-MAR-COLL-340,,"Marine Collagen Sports Research 340 g – Piel firme y belleza natural",1,0,visible,,"<p data-start=""312"" data-end=""561"">Descubre el poder del mar para tu belleza y bienestar con <strong data-start=""370"" data-end=""408"">Marine Collagen de Sports Research</strong>, un colágeno marino hidrolizado de alta pureza, ideal para quienes buscan una <strong data-start=""487"" data-end=""539"">piel más firme, cabello fuerte y uñas saludables</strong> de forma natural 🌊✨.</p>\n<p data-start=""563"" data-end=""866"">Este colágeno proviene de fuentes marinas y aporta <strong data-start=""614"" data-end=""646"">10 g de colágeno por porción</strong>, ayudando a mejorar la elasticidad de la piel y a mantener una apariencia fresca y cuidada. Su fórmula <strong data-start=""750"" data-end=""763"">sin sabor</strong> se integra fácilmente a tu rutina diaria: agrégalo a agua, jugos, café o batidos sin alterar el sabor.</p>\n<p data-start=""868"" data-end=""1109"">Es una excelente opción para el estilo de vida peruano, especialmente para quienes desean verse y sentirse bien pese al estrés, el clima y el ritmo del día a día. Además, es <strong data-start=""1042"" data-end=""1071"">libre de gluten y Non-GMO</strong>, garantizando calidad y confianza 💙.</p>\n<p data-start=""1111"" data-end=""1178"">👉 <strong data-start=""1114"" data-end=""1178"">Nutre tu belleza desde adentro y siéntete radiante cada día.</strong></p>\n\n\n<hr data-start=""1180"" data-end=""1183"" />\n\n<h2 data-start=""1185"" data-end=""1212"">3. Beneficios destacados</h2>\n<ul data-start=""1214"" data-end=""1449"">\n 	<li data-start=""1214"" data-end=""1264"">\n<p data-start=""1216"" data-end=""1264"">✨ Contribuye a una <strong data-start=""1235"" data-end=""1264"">piel más firme y luminosa</strong></p>\n</li>\n 	<li data-start=""1265"" data-end=""1307"">\n<p data-start=""1267"" data-end=""1307"">💇 Ayuda a fortalecer <strong data-start=""1289"" data-end=""1307"">cabello y uñas</strong></p>\n</li>\n 	<li data-start=""1308"" data-end=""1358"">\n<p data-start=""1310"" data-end=""1358"">🌊 Colágeno marino hidrolizado de alta absorción</p>\n</li>\n 	<li data-start=""1359"" data-end=""1414"">\n<p data-start=""1361"" data-end=""1414"">☕ <strong data-start=""1363"" data-end=""1376"">Sin sabor</strong>, fácil de mezclar en cualquier bebida</p>\n</li>\n 	<li data-start=""1415"" data-end=""1449"">\n<p data-start=""1417"" data-end=""1449"">🌱 <strong data-start=""1420"" data-end=""1449"">Libre de gluten y Non-GMO</strong></p>\n</li>\n</ul>\n\n<hr data-start=""1451"" data-end=""1454"" />\n\n<h2 data-start=""1456"" data-end=""1483"">4. Detalles del producto</h2>\n<ul data-start=""1485"" data-end=""1702"">\n 	<li data-start=""1485"" data-end=""1530"">\n<p data-start=""1487"" data-end=""1530""><strong data-start=""1487"" data-end=""1504"">Presentación:</strong> Envase de 340 g (12 oz)</p>\n</li>\n 	<li data-start=""1531"" data-end=""1606"">\n<p data-start=""1533"" data-end=""1606""><strong data-start=""1533"" data-end=""1549"">Modo de uso:</strong> Mezclar 1 porción diaria en agua, jugo, café o batidos</p>\n</li>\n 	<li data-start=""1607"" data-end=""1640"">\n<p data-start=""1609"" data-end=""1640""><strong data-start=""1609"" data-end=""1630"">Edad recomendada:</strong> Adultos</p>\n</li>\n 	<li data-start=""1641"" data-end=""1671"">\n<p data-start=""1643"" data-end=""1671""><strong data-start=""1643"" data-end=""1654"">Origen:</strong> Estados Unidos</p>\n</li>\n 	<li data-start=""1672"" data-end=""1702"">\n<p data-start=""1674"" data-end=""1702""><strong data-start=""1674"" data-end=""1684"">Marca:</strong> Sports Research</p>\n</li>\n</ul>",,,taxable,,1,3,,0,0,,,,,1,,,325,"Colageno, Vitaminas y Suplementos > Colágeno, cyber, Por Necesidad > Dolor Articular, Para ti > Para Deportistas, Para ti, Por Necesidad > Piel y Cabello Radiante, Por Necesidad > Problemas de Piel y Acne","belleza natural, colágeno hidrolizado, colágeno marino, marine collagen, piel firme, sports research, suplemento adulto",,"https://comprasaludable.com/wp-content/uploads/2025/12/jhjkj.jpeg, https://comprasaludable.com/wp-content/uploads/2025/12/gsdada-1.jpeg, https://comprasaludable.com/wp-content/uploads/2025/12/ter5ete.jpeg",,,,,,,,,0,,"Sport Research"
45607,simple,DR-WOM-PRO-100B-30,,"Women’s Probiotic Doctor’s Recipes 100B CFU x30 – Salud íntima",1,0,visible,,"<p data-start=""336"" data-end=""508"">Cuida tu bienestar femenino desde adentro con <strong data-start=""382"" data-end=""423"">Women’s Probiotic de Doctor’s Recipes</strong>, un probiótico avanzado formulado especialmente para las necesidades de la mujer 💕.</p>\n<p data-start=""510"" data-end=""872"">Contiene <strong data-start=""519"" data-end=""542"">100 billones de UFC</strong> y <strong data-start=""545"" data-end=""586"">32 cepas cuidadosamente seleccionadas</strong>, que ayudan a mantener el equilibrio de la flora intestinal y vaginal, apoyando la digestión, la salud íntima y el sistema inmunológico. Su fórmula incluye <strong data-start=""743"" data-end=""790"">prebióticos, enzimas digestivas y cranberry</strong>, ingredientes clave para una sensación diaria de frescura, comodidad y confianza.</p>\n<p data-start=""874"" data-end=""1111"">Ideal para el estilo de vida de la mujer peruana, especialmente en etapas de estrés, cambios hormonales o uso de antibióticos. Además, es <strong data-start=""1012"" data-end=""1060"">vegetariano, libre de gluten, lácteos y soya</strong>, cuidando tu cuerpo de manera natural y segura 🌸.</p>\n<p data-start=""1113"" data-end=""1171"">👉 <strong data-start=""1116"" data-end=""1171"">Siéntete equilibrada, segura y bien todos los días.</strong></p>\n\n\n<hr data-start=""1173"" data-end=""1176"" />\n\n<h2 data-start=""1178"" data-end=""1205"">3. Beneficios destacados</h2>\n<ul data-start=""1207"" data-end=""1459"">\n 	<li data-start=""1207"" data-end=""1246"">\n<p data-start=""1209"" data-end=""1246"">🌸 Apoya la <strong data-start=""1221"" data-end=""1246"">salud íntima femenina</strong></p>\n</li>\n 	<li data-start=""1247"" data-end=""1300"">\n<p data-start=""1249"" data-end=""1300"">🦠 100 billones de UFC con <strong data-start=""1276"" data-end=""1300"">32 cepas probióticas</strong></p>\n</li>\n 	<li data-start=""1301"" data-end=""1357"">\n<p data-start=""1303"" data-end=""1357"">🍒 Con <strong data-start=""1310"" data-end=""1323"">cranberry</strong>, prebióticos y enzimas digestivas</p>\n</li>\n 	<li data-start=""1358"" data-end=""1400"">\n<p data-start=""1360"" data-end=""1400"">🛡️ Refuerza el <strong data-start=""1376"" data-end=""1400"">sistema inmunológico</strong></p>\n</li>\n 	<li data-start=""1401"" data-end=""1459"">\n<p data-start=""1403"" data-end=""1459"">🌱 <strong data-start=""1406"" data-end=""1459"">Vegetariano, Non-GMO y libre de alérgenos comunes</strong></p>\n</li>\n</ul>\n\n<hr data-start=""1461"" data-end=""1464"" />\n\n<h2 data-start=""1466"" data-end=""1493"">4. Detalles del producto</h2>\n<ul data-start=""1495"" data-end=""1735"">\n 	<li data-start=""1495"" data-end=""1549"">\n<p data-start=""1497"" data-end=""1549""><strong data-start=""1497"" data-end=""1514"">Presentación:</strong> Frasco con 30 cápsulas vegetales</p>\n</li>\n 	<li data-start=""1550"" data-end=""1630"">\n<p data-start=""1552"" data-end=""1630""><strong data-start=""1552"" data-end=""1568"">Modo de uso:</strong> Tomar 1 cápsula diaria, preferentemente antes de una comida</p>\n</li>\n 	<li data-start=""1631"" data-end=""1672"">\n<p data-start=""1633"" data-end=""1672""><strong data-start=""1633"" data-end=""1654"">Edad recomendada:</strong> Mujeres adultas</p>\n</li>\n 	<li data-start=""1673"" data-end=""1703"">\n<p data-start=""1675"" data-end=""1703""><strong data-start=""1675"" data-end=""1686"">Origen:</strong> Estados Unidos</p>\n</li>\n 	<li data-start=""1704"" data-end=""1735"">\n<p data-start=""1706"" data-end=""1735""><strong data-start=""1706"" data-end=""1716"">Marca:</strong> Doctor’s Recipes</p>\n</li>\n</ul>",,,taxable,,1,3,,0,0,,,,,1,,,169,"Mejor Inmunidad, Para ti > Para Mujeres, Para ti, Por Necesidad > Estreñimiento y Digestión > Probióticos","bienestar femenino, cranberry, doctor’s recipes, flora vaginal, probiótico femenino, salud íntima, women’s probiotic",,"https://comprasaludable.com/wp-content/uploads/2025/12/HKHK.jpeg, https://comprasaludable.com/wp-content/uploads/2025/12/EWRWRW.jpeg, https://comprasaludable.com/wp-content/uploads/2025/12/FTD.jpeg, https://comprasaludable.com/wp-content/uploads/2025/12/NBB.jpeg",,,,,,,,,0,,"Doctor’s Recipes, Doctor’s Recipes > Doctor’s Recipes"
45613,simple,LE-BIO-BXC-60,,"Life Extension BioActive B-Complex x60 – Energía y sistema nervioso",1,0,visible,,"<p data-start=""294"" data-end=""501"">Recupera tu energía diaria y apoya tu bienestar mental con <strong data-start=""353"" data-end=""400"">Life Extension BioActive Complete B-Complex</strong>, un complejo de <strong data-start=""417"" data-end=""440"">vitaminas B activas</strong> diseñado para una absorción superior y resultados reales 💙.</p>\n<p data-start=""503"" data-end=""768"">Su fórmula bioactiva contiene vitaminas B <strong data-start=""545"" data-end=""572"">enzimáticamente activas</strong>, ideales para apoyar el metabolismo energético, el sistema nervioso y la salud cerebral. Es perfecto para el ritmo de vida en el Perú: largas jornadas laborales, estudios, estrés y poco descanso.</p>\n<p data-start=""770"" data-end=""986"">Además, es <strong data-start=""781"" data-end=""823"">vegetariano, libre de gluten y Non-GMO</strong>, pensado para quienes buscan calidad y confianza en cada cápsula. Con el uso constante, sentirás más vitalidad, enfoque y equilibrio para afrontar tu día a día ✨.</p>\n<p data-start=""988"" data-end=""1040"">👉 <strong data-start=""991"" data-end=""1040"">Activa tu energía y cuida tu mente desde hoy.</strong></p>\n\n\n<hr data-start=""1042"" data-end=""1045"" />\n\n<h2 data-start=""1047"" data-end=""1074"">3. Beneficios destacados</h2>\n<ul data-start=""1076"" data-end=""1345"">\n 	<li data-start=""1076"" data-end=""1121"">\n<p data-start=""1078"" data-end=""1121"">⚡ Apoya la <strong data-start=""1089"" data-end=""1121"">producción de energía diaria</strong></p>\n</li>\n 	<li data-start=""1122"" data-end=""1185"">\n<p data-start=""1124"" data-end=""1185"">🧠 Contribuye al <strong data-start=""1141"" data-end=""1185"">buen funcionamiento del sistema nervioso</strong></p>\n</li>\n 	<li data-start=""1186"" data-end=""1245"">\n<p data-start=""1188"" data-end=""1245"">🔬 Vitaminas B en <strong data-start=""1206"" data-end=""1245"">formas bioactivas de alta absorción</strong></p>\n</li>\n 	<li data-start=""1246"" data-end=""1302"">\n<p data-start=""1248"" data-end=""1302"">😌 Ayuda a manejar el <strong data-start=""1270"" data-end=""1302"">estrés y el cansancio mental</strong></p>\n</li>\n 	<li data-start=""1303"" data-end=""1345"">\n<p data-start=""1305"" data-end=""1345"">🌱 <strong data-start=""1308"" data-end=""1345"">Vegetariano, sin gluten y Non-GMO</strong></p>\n</li>\n</ul>\n\n<hr data-start=""1347"" data-end=""1350"" />\n\n<h2 data-start=""1352"" data-end=""1379"">4. Detalles del producto</h2>\n<ul data-start=""1381"" data-end=""1606"">\n 	<li data-start=""1381"" data-end=""1435"">\n<p data-start=""1383"" data-end=""1435""><strong data-start=""1383"" data-end=""1400"">Presentación:</strong> Frasco con 60 cápsulas vegetales</p>\n</li>\n 	<li data-start=""1436"" data-end=""1511"">\n<p data-start=""1438"" data-end=""1511""><strong data-start=""1438"" data-end=""1454"">Modo de uso:</strong> Tomar 2 cápsulas al día, preferentemente con alimentos</p>\n</li>\n 	<li data-start=""1512"" data-end=""1545"">\n<p data-start=""1514"" data-end=""1545""><strong data-start=""1514"" data-end=""1535"">Edad recomendada:</strong> Adultos</p>\n</li>\n 	<li data-start=""1546"" data-end=""1576"">\n<p data-start=""1548"" data-end=""1576""><strong data-start=""1548"" data-end=""1559"">Origen:</strong> Estados Unidos</p>\n</li>\n 	<li data-start=""1577"" data-end=""1606"">\n<p data-start=""1579"" data-end=""1606""><strong data-start=""1579"" data-end=""1589"">Marca:</strong> Life Extension</p>\n</li>\n</ul>",,,taxable,,1,7,,0,0,,,,,1,,,149,"Mejor Inmunidad, Para ti, Vitaminas y Suplementos","bienestar mental, energía diaria, life extension b complex, sistema nervioso, suplemento adulto, vitamina b complex, vitaminas b activas",,"https://comprasaludable.com/wp-content/uploads/2025/12/B1.jpeg, https://comprasaludable.com/wp-content/uploads/2025/12/B2.jpeg",,,,,,,,,0,,"life extension"
45616,simple,LE-VIT-D3-5000-60,,"Life Extension Vitamina D3 5000 IU x60 – Huesos fuertes y defensas",1,0,visible,,"<p data-start=""297"" data-end=""467"">Refuerza tu salud ósea y tus defensas con <strong data-start=""339"" data-end=""377"">Life Extension Vitamina D3 5000 IU</strong>, una dosis potente y confiable para quienes necesitan un apoyo real en su día a día ☀️💙.</p>\n<p data-start=""469"" data-end=""811"">La vitamina D3 es clave para la <strong data-start=""501"" data-end=""525"">absorción del calcio</strong>, el mantenimiento de <strong data-start=""547"" data-end=""575"">huesos y dientes fuertes</strong> y el correcto funcionamiento del <strong data-start=""609"" data-end=""633"">sistema inmunológico</strong>. En el Perú, donde muchas personas pasan largas horas en interiores o usan protector solar constantemente, complementar la vitamina D puede marcar la diferencia en tu bienestar.</p>\n<p data-start=""813"" data-end=""1010"">Su presentación en <strong data-start=""832"" data-end=""862"">softgels de alta absorción</strong> facilita el consumo y la asimilación. Con el uso constante, sentirás mayor equilibrio, fortaleza y tranquilidad al cuidar tu salud desde adentro ✨.</p>\n<p data-start=""1012"" data-end=""1073"">👉 <strong data-start=""1015"" data-end=""1073"">Protege tus huesos y fortalece tus defensas desde hoy.</strong></p>\n\n\n<hr data-start=""1075"" data-end=""1078"" />\n\n<h2 data-start=""1080"" data-end=""1107""> Beneficios destacados</h2>\n<ul data-start=""1109"" data-end=""1321"">\n 	<li data-start=""1109"" data-end=""1146"">\n<p data-start=""1111"" data-end=""1146"">☀️ Apoya la <strong data-start=""1123"" data-end=""1146"">salud ósea y dental</strong></p>\n</li>\n 	<li data-start=""1147"" data-end=""1199"">\n<p data-start=""1149"" data-end=""1199"">🦴 Contribuye a una mejor <strong data-start=""1175"" data-end=""1199"">absorción del calcio</strong></p>\n</li>\n 	<li data-start=""1200"" data-end=""1242"">\n<p data-start=""1202"" data-end=""1242"">🛡️ Refuerza el <strong data-start=""1218"" data-end=""1242"">sistema inmunológico</strong></p>\n</li>\n 	<li data-start=""1243"" data-end=""1286"">\n<p data-start=""1245"" data-end=""1286"">💊 <strong data-start=""1248"" data-end=""1286"">Alta potencia: 5000 IU por cápsula</strong></p>\n</li>\n 	<li data-start=""1287"" data-end=""1321"">\n<p data-start=""1289"" data-end=""1321"">🌱 <strong data-start=""1292"" data-end=""1321"">Libre de gluten y Non-GMO</strong></p>\n</li>\n</ul>\n\n<hr data-start=""1323"" data-end=""1326"" />\n\n<h2 data-start=""1328"" data-end=""1355"">Detalles del producto</h2>\n<ul data-start=""1357"" data-end=""1586"">\n 	<li data-start=""1357"" data-end=""1401"">\n<p data-start=""1359"" data-end=""1401""><strong data-start=""1359"" data-end=""1376"">Presentación:</strong> Frasco con 60 softgels</p>\n</li>\n 	<li data-start=""1402"" data-end=""1491"">\n<p data-start=""1404"" data-end=""1491""><strong data-start=""1404"" data-end=""1420"">Modo de uso:</strong> Tomar 1 softgel al día con alimentos, o según indicación profesional</p>\n</li>\n 	<li data-start=""1492"" data-end=""1525"">\n<p data-start=""1494"" data-end=""1525""><strong data-start=""1494"" data-end=""1515"">Edad recomendada:</strong> Adultos</p>\n</li>\n 	<li data-start=""1526"" data-end=""1556"">\n<p data-start=""1528"" data-end=""1556""><strong data-start=""1528"" data-end=""1539"">Origen:</strong> Estados Unidos</p>\n</li>\n 	<li data-start=""1557"" data-end=""1586"">\n<p data-start=""1559"" data-end=""1586""><strong data-start=""1559"" data-end=""1569"">Marca:</strong> Life Extension</p>\n</li>\n</ul>",,,taxable,,1,10,,0,0,,,,,1,,,129,"Para ti, Por Necesidad > Sistema Inmunológico Fuerte, Vitamina D3","defensas naturales, huesos fuertes, life extension d3, salud ósea, suplemento adulto, vitamina d 5000 iu, vitamina d3",,"https://comprasaludable.com/wp-content/uploads/2025/12/D1.jpeg, https://comprasaludable.com/wp-content/uploads/2025/12/D2.jpeg, https://comprasaludable.com/wp-content/uploads/2025/12/D33.jpeg",,,,,,,,,0,,"life extension"
45620,simple,CAR-MAG-ASH-120,,"Magnesium Glycinate + Ashwagandha Carlyle x120 – Relajación y estrés",1,0,visible,,"<p data-start=""296"" data-end=""514"">Encuentra el equilibrio que tu cuerpo y mente necesitan con <strong data-start=""356"" data-end=""404"">Magnesium Glycinate + Ashwagandha de Carlyle</strong>, una combinación potente pensada para ayudarte a <strong data-start=""454"" data-end=""508"">relajarte, dormir mejor y manejar el estrés diario</strong> 🌿💚.</p>\n<p data-start=""516"" data-end=""856"">El <strong data-start=""519"" data-end=""541"">magnesio glicinato</strong> es una de las formas mejor absorbidas y más suaves para el estómago, ideal para apoyar la función muscular y el sistema nervioso. La <strong data-start=""675"" data-end=""690"">ashwagandha</strong>, una planta adaptógena reconocida, contribuye a reducir el estrés y promover una sensación de calma y bienestar, muy necesaria en el ritmo de vida actual en el Perú.</p>\n<p data-start=""858"" data-end=""1067"">Su fórmula es <strong data-start=""872"" data-end=""909"">vegana, libre de gluten y Non-GMO</strong>, perfecta para quienes buscan un suplemento natural y confiable. Con el uso constante, sentirás mayor tranquilidad, descanso reparador y balance emocional ✨.</p>\n<p data-start=""1069"" data-end=""1132"">👉 <strong data-start=""1072"" data-end=""1132"">Relájate, descansa mejor y cuida tu bienestar desde hoy.</strong></p>\n\n\n<hr data-start=""1134"" data-end=""1137"" />\n\n<h2 data-start=""1139"" data-end=""1166"">Beneficios destacados</h2>\n<ul data-start=""1168"" data-end=""1391"">\n 	<li data-start=""1168"" data-end=""1215"">\n<p data-start=""1170"" data-end=""1215"">😌 Ayuda a <strong data-start=""1181"" data-end=""1215"">reducir el estrés y la tensión</strong></p>\n</li>\n 	<li data-start=""1216"" data-end=""1264"">\n<p data-start=""1218"" data-end=""1264"">💤 Favorece un <strong data-start=""1233"" data-end=""1264"">mejor descanso y relajación</strong></p>\n</li>\n 	<li data-start=""1265"" data-end=""1308"">\n<p data-start=""1267"" data-end=""1308"">💪 Apoya la <strong data-start=""1279"" data-end=""1308"">salud muscular y nerviosa</strong></p>\n</li>\n 	<li data-start=""1309"" data-end=""1353"">\n<p data-start=""1311"" data-end=""1353"">🌿 Con <strong data-start=""1318"" data-end=""1333"">ashwagandha</strong>, adaptógeno natural</p>\n</li>\n 	<li data-start=""1354"" data-end=""1391"">\n<p data-start=""1356"" data-end=""1391"">🌱 <strong data-start=""1359"" data-end=""1391"">Vegano, sin gluten y Non-GMO</strong></p>\n</li>\n</ul>\n\n<hr data-start=""1393"" data-end=""1396"" />\n\n<h2 data-start=""1398"" data-end=""1425"">Detalles del producto</h2>\n<ul data-start=""1427"" data-end=""1676"">\n 	<li data-start=""1427"" data-end=""1482"">\n<p data-start=""1429"" data-end=""1482""><strong data-start=""1429"" data-end=""1446"">Presentación:</strong> Frasco con 120 cápsulas vegetales</p>\n</li>\n 	<li data-start=""1483"" data-end=""1588"">\n<p data-start=""1485"" data-end=""1588""><strong data-start=""1485"" data-end=""1501"">Modo de uso:</strong> Tomar 2 cápsulas al día, preferentemente por la noche o según indicación profesional</p>\n</li>\n 	<li data-start=""1589"" data-end=""1622"">\n<p data-start=""1591"" data-end=""1622""><strong data-start=""1591"" data-end=""1612"">Edad recomendada:</strong> Adultos</p>\n</li>\n 	<li data-start=""1623"" data-end=""1653"">\n<p data-start=""1625"" data-end=""1653""><strong data-start=""1625"" data-end=""1636"">Origen:</strong> Estados Unidos</p>\n</li>\n 	<li data-start=""1654"" data-end=""1676"">\n<p data-start=""1656"" data-end=""1676""><strong data-start=""1656"" data-end=""1666"">Marca:</strong> Carlyle</p>\n</li>\n</ul>",,,taxable,,1,10,,0,0,,,,,1,,,129,"Por Necesidad > Estrés y Relajación, Vitaminas y Suplementos > Magnesio, Para ti","centrum menopause, menopausia sin hormonas, menopausia soporte, multivitamínico mujer, salud femenina, sofocos menopausia",,"https://comprasaludable.com/wp-content/uploads/2025/12/MANGESIO-1.jpeg, https://comprasaludable.com/wp-content/uploads/2025/12/MAGNESIO-2.jpeg, https://comprasaludable.com/wp-content/uploads/2025/12/MAGNESIO-3.jpeg",,,,,,,,,0,,Carlyle
45624,simple,CEN-MENO-SUP-30,,"Centrum Menopause Support x30 – Bienestar y alivio en la menopausia",1,0,visible,,"<p data-start=""354"" data-end=""569"">Vive la menopausia con mayor equilibrio y bienestar gracias a <strong data-start=""416"" data-end=""445"">Centrum Menopause Support</strong>, un multivitamínico completo especialmente formulado para acompañar a la mujer en <strong data-start=""528"" data-end=""565"">todas las etapas de la menopausia</strong> 🌷.</p>\n<p data-start=""571"" data-end=""874"">Su fórmula <strong data-start=""582"" data-end=""598"">sin hormonas</strong> ayuda a reducir los <strong data-start=""619"" data-end=""630"">sofocos</strong>, apoya la <strong data-start=""641"" data-end=""655"">salud ósea</strong> y contribuye al metabolismo, brindando el soporte nutricional que el cuerpo necesita durante esta etapa de cambios. Es ideal para la mujer peruana que busca sentirse bien, activa y segura, sin alterar su rutina diaria.</p>\n<p data-start=""876"" data-end=""1004"">Con solo <strong data-start=""885"" data-end=""907"">una tableta al día</strong>, sentirás mayor estabilidad, tranquilidad y confianza para disfrutar plenamente tu día a día 💖.</p>\n<p data-start=""1006"" data-end=""1067"">👉 <strong data-start=""1009"" data-end=""1067"">Cuida tu bienestar femenino y siéntete mejor cada día.</strong></p>\n\n\n<hr data-start=""1069"" data-end=""1072"" />\n\n<h2 data-start=""1074"" data-end=""1101"">Beneficios destacados</h2>\n<ul data-start=""1103"" data-end=""1364"">\n 	<li data-start=""1103"" data-end=""1158"">\n<p data-start=""1105"" data-end=""1158"">🌸 Ayuda a <strong data-start=""1116"" data-end=""1139"">reducir los sofocos</strong> de la menopausia</p>\n</li>\n 	<li data-start=""1159"" data-end=""1198"">\n<p data-start=""1161"" data-end=""1198"">🦴 Apoya la <strong data-start=""1173"" data-end=""1196"">salud de los huesos</strong></p>\n</li>\n 	<li data-start=""1199"" data-end=""1256"">\n<p data-start=""1201"" data-end=""1256"">⚖️ Contribuye al <strong data-start=""1218"" data-end=""1254"">metabolismo y equilibrio general</strong></p>\n</li>\n 	<li data-start=""1257"" data-end=""1307"">\n<p data-start=""1259"" data-end=""1307"">💊 Multivitamínico <strong data-start=""1278"" data-end=""1305"">completo y sin hormonas</strong></p>\n</li>\n 	<li data-start=""1308"" data-end=""1364"">\n<p data-start=""1310"" data-end=""1364"">👩 Diseñado para <strong data-start=""1327"" data-end=""1364"">todas las etapas de la menopausia</strong></p>\n</li>\n</ul>\n\n<hr data-start=""1366"" data-end=""1369"" />\n\n<h2 data-start=""1371"" data-end=""1398""> Detalles del producto</h2>\n<ul data-start=""1400"" data-end=""1629"">\n 	<li data-start=""1400"" data-end=""1444"">\n<p data-start=""1402"" data-end=""1444""><strong data-start=""1402"" data-end=""1419"">Presentación:</strong> Frasco con 30 tabletas</p>\n</li>\n 	<li data-start=""1445"" data-end=""1502"">\n<p data-start=""1447"" data-end=""1502""><strong data-start=""1447"" data-end=""1463"">Modo de uso:</strong> Tomar 1 tableta al día con alimentos</p>\n</li>\n 	<li data-start=""1503"" data-end=""1566"">\n<p data-start=""1505"" data-end=""1566""><strong data-start=""1505"" data-end=""1526"">Edad recomendada:</strong> Mujeres adultas (etapa de menopausia)</p>\n</li>\n 	<li data-start=""1567"" data-end=""1597"">\n<p data-start=""1569"" data-end=""1597""><strong data-start=""1569"" data-end=""1580"">Origen:</strong> Estados Unidos</p>\n</li>\n 	<li data-start=""1598"" data-end=""1629"">\n<p data-start=""1600"" data-end=""1629""><strong data-start=""1600"" data-end=""1610"">Marca:</strong> Centrum (Haleon)</p>\n</li>\n</ul>",,,taxable,,1,4,,0,0,,,,,1,,,175,"Vitaminas y Suplementos > Multivitamínicos, Para ti > Para Mujeres, Para ti","centrum menopause, menopausia, menopausia sin hormonas, menopausia soporte, multivitamínico mujer, salud femenina, sofocos menopausia",,"https://comprasaludable.com/wp-content/uploads/2025/12/MENO1.jpeg, https://comprasaludable.com/wp-content/uploads/2025/12/MENO2.jpeg",,,,,,,,,0,,Centrum
45628,simple,DR-WOM-PRO-100B,,"Women’s Probiotic Doctor’s Recipes 100B CFU x60 – Equilibrio femenino",1,0,visible,,"<p data-start=""337"" data-end=""509"">Recupera tu equilibrio y bienestar íntimo con <strong data-start=""383"" data-end=""424"">Women’s Probiotic de Doctor’s Recipes</strong>, un probiótico avanzado creado especialmente para la <strong data-start=""478"" data-end=""505"">salud femenina integral</strong> 💕.</p>\n<p data-start=""511"" data-end=""839"">Su fórmula de <strong data-start=""525"" data-end=""548"">100 billones de UFC</strong> con <strong data-start=""553"" data-end=""579"">32 cepas seleccionadas</strong> ayuda a mantener el balance de la flora intestinal y vaginal, apoyando la digestión, el sistema inmunológico y la salud urinaria. Incluye <strong data-start=""718"" data-end=""765"">prebióticos, enzimas digestivas y cranberry</strong>, ingredientes clave para sentirte cómoda, fresca y segura todos los días.</p>\n<p data-start=""841"" data-end=""1064"">Ideal para la mujer en etapas de estrés, cambios hormonales, viajes o uso de antibióticos. Además, es <strong data-start=""951"" data-end=""1009"">vegetariano, Non-GMO y libre de gluten, lácteos y soya</strong>, cuidando tu cuerpo de manera natural y confiable 🌸✨.</p>\n<p data-start=""1066"" data-end=""1127"">👉 <strong data-start=""1069"" data-end=""1127"">Siéntete equilibrada, protegida y bien todos los días.</strong></p>\n\n<h2 data-start=""1134"" data-end=""1161""> Beneficios destacados</h2>\n<ul data-start=""1163"" data-end=""1415"">\n 	<li data-start=""1163"" data-end=""1202"">\n<p data-start=""1165"" data-end=""1202"">🌸 Apoya la <strong data-start=""1177"" data-end=""1202"">salud íntima femenina</strong></p>\n</li>\n 	<li data-start=""1203"" data-end=""1256"">\n<p data-start=""1205"" data-end=""1256"">🦠 <strong data-start=""1208"" data-end=""1231"">100 billones de UFC</strong> con 32 cepas probióticas</p>\n</li>\n 	<li data-start=""1257"" data-end=""1313"">\n<p data-start=""1259"" data-end=""1313"">🍒 Con <strong data-start=""1266"" data-end=""1279"">cranberry</strong>, prebióticos y enzimas digestivas</p>\n</li>\n 	<li data-start=""1314"" data-end=""1356"">\n<p data-start=""1316"" data-end=""1356"">🛡️ Refuerza el <strong data-start=""1332"" data-end=""1356"">sistema inmunológico</strong></p>\n</li>\n 	<li data-start=""1357"" data-end=""1415"">\n<p data-start=""1359"" data-end=""1415"">🌱 <strong data-start=""1362"" data-end=""1415"">Vegetariano, Non-GMO y libre de alérgenos comunes</strong></p>\n</li>\n</ul>\n\n<hr data-start=""1417"" data-end=""1420"" />\n\n<h2 data-start=""1422"" data-end=""1449"">Detalles del producto</h2>\n<ul data-start=""1451"" data-end=""1691"">\n 	<li data-start=""1451"" data-end=""1505"">\n<p data-start=""1453"" data-end=""1505""><strong data-start=""1453"" data-end=""1470"">Presentación:</strong> Frasco con 60 cápsulas vegetales</p>\n</li>\n 	<li data-start=""1506"" data-end=""1586"">\n<p data-start=""1508"" data-end=""1586""><strong data-start=""1508"" data-end=""1524"">Modo de uso:</strong> Tomar 1 cápsula diaria, preferentemente antes de una comida</p>\n</li>\n 	<li data-start=""1587"" data-end=""1628"">\n<p data-start=""1589"" data-end=""1628""><strong data-start=""1589"" data-end=""1610"">Edad recomendada:</strong> Mujeres adultas</p>\n</li>\n 	<li data-start=""1629"" data-end=""1659"">\n<p data-start=""1631"" data-end=""1659""><strong data-start=""1631"" data-end=""1642"">Origen:</strong> Estados Unidos</p>\n</li>\n 	<li data-start=""1660"" data-end=""1691"">\n<p data-start=""1662"" data-end=""1691""><strong data-start=""1662"" data-end=""1672"">Marca:</strong> Doctor’s Recipes</p>\n</li>\n</ul>",,,taxable,,1,6,,0,0,,,,,1,,,219,"Para ti > Para Mujeres, Para ti, Por Necesidad > Estreñimiento y Digestión > Probióticos","bienestar femenino, doctor’s recipes, flora vaginal, probiótico femenino, probióticos mujer, salud íntima, women’s probiotic",,"https://comprasaludable.com/wp-content/uploads/2025/12/PROBIIO-1.jpeg, https://comprasaludable.com/wp-content/uploads/2025/12/PROBIIO-2.jpeg, https://comprasaludable.com/wp-content/uploads/2025/12/PROBIIO-3.jpeg, https://comprasaludable.com/wp-content/uploads/2025/12/PROBIIO-4.jpeg",,,,,,,,,0,,"Doctor’s Recipes > Doctor’s Recipes"
45646,simple,,,"Neutrogena Beach Defense SPF 70 – Protección solar alta y ligera",1,0,visible,,"<p data-start=""311"" data-end=""517"">Disfruta del sol con total confianza gracias a <strong data-start=""358"" data-end=""393"">Neutrogena Beach Defense SPF 70</strong>, un protector solar de <strong data-start=""417"" data-end=""436"">alta protección</strong> diseñado para acompañarte en la playa, piscina o actividades al aire libre ☀️💛.</p>\n<p data-start=""519"" data-end=""807"">Su fórmula de <strong data-start=""533"" data-end=""559"">amplio espectro SPF 70</strong> ayuda a proteger tu piel de los rayos <strong data-start=""598"" data-end=""611"">UVA y UVB</strong>, mientras su textura ligera y de rápida absorción se siente cómoda incluso bajo el sol intenso del Perú. Es resistente al agua y al sudor, ideal para días de playa, deportes o paseos prolongados.</p>\n<p data-start=""809"" data-end=""997"">Con el respaldo dermatológico de <strong data-start=""842"" data-end=""883""><span class=""hover:entity-accent entity-underline inline cursor-pointer align-baseline""><span class=""whitespace-normal"">Neutrogena</span></span></strong>, este protector solar cuida tu piel sin sensación grasosa, permitiéndote disfrutar del verano con tranquilidad ✨.</p>\n<p data-start=""999"" data-end=""1063"">👉 <strong data-start=""1002"" data-end=""1063"">Protege tu piel hoy y disfruta el sol sin preocupaciones.</strong></p>\n\n\n<hr data-start=""1065"" data-end=""1068"" />\n\n<h2 data-start=""1070"" data-end=""1097"">Beneficios destacados</h2>\n<ul data-start=""1099"" data-end=""1329"">\n 	<li data-start=""1099"" data-end=""1133"">\n<p data-start=""1101"" data-end=""1133"">☀️ <strong data-start=""1104"" data-end=""1114"">SPF 70</strong> de alta protección</p>\n</li>\n 	<li data-start=""1134"" data-end=""1180"">\n<p data-start=""1136"" data-end=""1180"">🛡️ Protección <strong data-start=""1151"" data-end=""1180"">UVA/UVB (amplio espectro)</strong></p>\n</li>\n 	<li data-start=""1181"" data-end=""1219"">\n<p data-start=""1183"" data-end=""1219"">💦 <strong data-start=""1186"" data-end=""1219"">Resistente al agua y al sudor</strong></p>\n</li>\n 	<li data-start=""1220"" data-end=""1265"">\n<p data-start=""1222"" data-end=""1265"">🧴 Textura <strong data-start=""1233"" data-end=""1265"">ligera y de rápida absorción</strong></p>\n</li>\n 	<li data-start=""1266"" data-end=""1329"">\n<p data-start=""1268"" data-end=""1329"">🏖️ Ideal para <strong data-start=""1283"" data-end=""1329"">playa, piscina y actividades al aire libre</strong></p>\n</li>\n</ul>\n\n<hr data-start=""1331"" data-end=""1334"" />\n\n<h2 data-start=""1336"" data-end=""1363"">Detalles del producto</h2>\n<ul data-start=""1365"" data-end=""1648"">\n 	<li data-start=""1365"" data-end=""1416"">\n<p data-start=""1367"" data-end=""1416""><strong data-start=""1367"" data-end=""1384"">Presentación:</strong> Botella de 198 ml (6.7 fl oz)</p>\n</li>\n 	<li data-start=""1417"" data-end=""1551"">\n<p data-start=""1419"" data-end=""1551""><strong data-start=""1419"" data-end=""1435"">Modo de uso:</strong> Aplicar generosamente 15 minutos antes de la exposición al sol. Reaplicar cada 2 horas o después de nadar o sudar</p>\n</li>\n 	<li data-start=""1552"" data-end=""1591"">\n<p data-start=""1554"" data-end=""1591""><strong data-start=""1554"" data-end=""1571"">Tipo de piel:</strong> Todo tipo de piel</p>\n</li>\n 	<li data-start=""1592"" data-end=""1622"">\n<p data-start=""1594"" data-end=""1622""><strong data-start=""1594"" data-end=""1605"">Origen:</strong> Estados Unidos</p>\n</li>\n 	<li data-start=""1623"" data-end=""1648"">\n<p data-start=""1625"" data-end=""1648""><strong data-start=""1625"" data-end=""1635"">Marca:</strong> Neutrogena</p>\n</li>\n</ul>\n\n<hr data-start=""1650"" data-end=""1653"" />\n<p data-start=""1671"" data-end=""1808""></p>",,,taxable,,1,7,,0,0,,,,,1,,,65,"Para ti",NEU-BEACH-SPF70-198,,"https://comprasaludable.com/wp-content/uploads/2026/01/WhatsApp-Image-2026-01-02-at-5.49.30-PM.jpeg, https://comprasaludable.com/wp-content/uploads/2026/01/WhatsApp-Image-2026-01-02-at-5.49.30-PM-1.jpeg, https://comprasaludable.com/wp-content/uploads/2026/01/WhatsApp-Image-2026-01-02-at-5.49.31-PM.jpeg",,,,,,,,,0,,Neutrogena
45657,simple,21C-SEN-W50-100,,"Sentry Senior Women 50+ x100 – Multivitamínico para mujer adulta",1,0,visible,,"<p data-start=""334"" data-end=""549"">Cuida tu salud y mantente activa cada día con <strong data-start=""380"" data-end=""407"">Sentry Senior Women 50+</strong>, un <strong data-start=""412"" data-end=""446"">multivitamínico y multimineral</strong> especialmente formulado para las <strong data-start=""480"" data-end=""545"">necesidades nutricionales de la mujer a partir de los 50 años</strong> 💖.</p>\n<p data-start=""551"" data-end=""866"">Su fórmula ayuda a apoyar la <strong data-start=""580"" data-end=""603"">salud de los huesos</strong>, el <strong data-start=""608"" data-end=""632"">sistema inmunológico</strong>, la <strong data-start=""637"" data-end=""655"">energía diaria</strong> y el bienestar general en esta etapa de la vida.</p>\n<p data-start=""551"" data-end=""866"">Beneficios destacados</p>\n\n<ul data-start=""1133"" data-end=""1330"">\n 	<li data-start=""1133"" data-end=""1167"">\n<p data-start=""1135"" data-end=""1167"">🌸 Diseñado para <strong data-start=""1152"" data-end=""1167"">mujeres 50+</strong></p>\n</li>\n 	<li data-start=""1168"" data-end=""1196"">\n<p data-start=""1170"" data-end=""1196"">🦴 Apoya la <strong data-start=""1182"" data-end=""1196"">salud ósea</strong></p>\n</li>\n 	<li data-start=""1197"" data-end=""1241"">\n<p data-start=""1199"" data-end=""1241"">🛡️ Contribuye al <strong data-start=""1217"" data-end=""1241"">sistema inmunológico</strong></p>\n</li>\n 	<li data-start=""1242"" data-end=""1284"">\n<p data-start=""1244"" data-end=""1284"">⚡ Ayuda a mantener la <strong data-start=""1266"" data-end=""1284"">energía diaria</strong></p>\n</li>\n 	<li data-start=""1285"" data-end=""1330"">\n<p data-start=""1287"" data-end=""1330"">💊 Multivitamínico completo para uso diario</p>\n</li>\n</ul>\n\n<hr data-start=""1332"" data-end=""1335"" />\n\n<h2 data-start=""1337"" data-end=""1364"">Detalles del producto</h2>\n<ul data-start=""1366"" data-end=""1602"">\n 	<li data-start=""1366"" data-end=""1411"">\n<p data-start=""1368"" data-end=""1411""><strong data-start=""1368"" data-end=""1385"">Presentación:</strong> Frasco con 100 tabletas</p>\n</li>\n 	<li data-start=""1412"" data-end=""1469"">\n<p data-start=""1414"" data-end=""1469""><strong data-start=""1414"" data-end=""1430"">Modo de uso:</strong> Tomar 1 tableta diaria con alimentos</p>\n</li>\n 	<li data-start=""1470"" data-end=""1527"">\n<p data-start=""1472"" data-end=""1527""><strong data-start=""1472"" data-end=""1493"">Edad recomendada:</strong> Mujeres adultas (50 años a más)</p>\n</li>\n 	<li data-start=""1528"" data-end=""1558"">\n<p data-start=""1530"" data-end=""1558""><strong data-start=""1530"" data-end=""1541"">Origen:</strong> Estados Unidos</p>\n</li>\n 	<li data-start=""1559"" data-end=""1602"">\n<p data-start=""1561"" data-end=""1602""><strong data-start=""1561"" data-end=""1571"">Marca:</strong> 21st Century – Sentry Senior</p>\n</li>\n</ul>",,,taxable,,1,8,,0,0,,,,,1,,,119,"Ofertas Especiales > 2x1 y Combos, Vitaminas y Suplementos > Multivitamínicos, Ofertas Especiales, Para ti > Para Mujeres, Para ti","bienestar 50 plus, energía diaria, multivitamínico mujer 50+, salud femenina, sentry senior women, vitaminas mujer adulta",,"https://comprasaludable.com/wp-content/uploads/2026/01/WhatsApp-Image-2026-01-02-at-7.01.44-PM.jpeg, https://comprasaludable.com/wp-content/uploads/2026/01/WhatsApp-Image-2026-01-02-at-7.01.45-PM.jpeg",,,,,,,,,0,,"21st Century"
45660,simple,HORB-BERB-120,,"Berberine Horbäach x120 – Control de glucosa y metabolismo",1,0,visible,,"<p data-start=""336"" data-end=""547"">Apoya tu metabolismo y cuida tu bienestar diario con <strong data-start=""389"" data-end=""443"">Berberine de <span class=""hover:entity-accent entity-underline inline cursor-pointer align-baseline""><span class=""whitespace-normal"">Horbäach</span></span></strong>, un suplemento de <strong data-start=""462"" data-end=""483"">grado terapéutico</strong> elaborado a partir de <strong data-start=""506"" data-end=""542"">extracto de barberry (berberina)</strong> 🌿✨.</p>\n<p data-start=""549"" data-end=""858"">La <strong data-start=""552"" data-end=""565"">berberina</strong> es conocida por ayudar al <strong data-start=""592"" data-end=""617"">control de la glucosa</strong>, apoyar el <strong data-start=""629"" data-end=""655"">metabolismo energético</strong> y contribuir al equilibrio general del organismo. Su presentación de <strong data-start=""879"" data-end=""908"">120 cápsulas vegetarianas</strong>, libres de gluten y no GMO, es ideal para un uso continuo. Con el consumo regular, sentirás mayor estabilidad, ligereza y energía sostenida en tu día a día 💚.</p>\n<p data-start=""1070"" data-end=""1129""></p>\n\n\n<hr data-start=""1131"" data-end=""1134"" />\n\n<h2 data-start=""1136"" data-end=""1163"">Beneficios destacados</h2>\n<ul data-start=""1165"" data-end=""1420"">\n 	<li data-start=""1165"" data-end=""1214"">\n<p data-start=""1167"" data-end=""1214"">⚖️ Apoya el <strong data-start=""1179"" data-end=""1214"">control saludable de la glucosa</strong></p>\n</li>\n 	<li data-start=""1215"" data-end=""1265"">\n<p data-start=""1217"" data-end=""1265"">🔥 Contribuye a un <strong data-start=""1236"" data-end=""1265"">metabolismo más eficiente</strong></p>\n</li>\n 	<li data-start=""1266"" data-end=""1317"">\n<p data-start=""1268"" data-end=""1317"">🌿 Elaborado con <strong data-start=""1285"" data-end=""1317"">extracto natural de barberry</strong></p>\n</li>\n 	<li data-start=""1318"" data-end=""1370"">\n<p data-start=""1320"" data-end=""1370"">🌱 <strong data-start=""1323"" data-end=""1348"">Cápsulas vegetarianas</strong>, non-GMO y sin gluten</p>\n</li>\n 	<li data-start=""1371"" data-end=""1420"">\n<p data-start=""1373"" data-end=""1420"">💪 Favorece el <strong data-start=""1388"" data-end=""1420"">bienestar metabólico general</strong></p>\n</li>\n</ul>\n\n<hr data-start=""1422"" data-end=""1425"" />\n\n<h2 data-start=""1427"" data-end=""1454"">Detalles del producto</h2>\n<ul data-start=""1456"" data-end=""1708"">\n 	<li data-start=""1456"" data-end=""1514"">\n<p data-start=""1458"" data-end=""1514""><strong data-start=""1458"" data-end=""1475"">Presentación:</strong> Frasco con 120 cápsulas vegetarianas</p>\n</li>\n 	<li data-start=""1515"" data-end=""1619"">\n<p data-start=""1517"" data-end=""1619""><strong data-start=""1517"" data-end=""1533"">Modo de uso:</strong> Tomar 1 cápsula de 1 a 2 veces al día con alimentos, o según indicación profesional</p>\n</li>\n 	<li data-start=""1620"" data-end=""1653"">\n<p data-start=""1622"" data-end=""1653""><strong data-start=""1622"" data-end=""1643"">Edad recomendada:</strong> Adultos</p>\n</li>\n 	<li data-start=""1654"" data-end=""1684"">\n<p data-start=""1656"" data-end=""1684""><strong data-start=""1656"" data-end=""1667"">Origen:</strong> Estados Unidos</p>\n</li>\n 	<li data-start=""1685"" data-end=""1708"">\n<p data-start=""1687"" data-end=""1708""><strong data-start=""1687"" data-end=""1697"">Marca:</strong> Horbäach</p>\n</li>\n</ul>",,,taxable,,1,5,,0,0,,,,,1,,,199,"Para ti","berberina, berberine horbaach, bienestar metabólico, control de glucosa, metabolismo saludable, suplemento natural",,"https://comprasaludable.com/wp-content/uploads/2026/01/WhatsApp-Image-2026-01-02-at-7.12.16-PM-2.jpeg, https://comprasaludable.com/wp-content/uploads/2026/01/WhatsApp-Image-2026-01-02-at-7.12.16-PM.jpeg, https://comprasaludable.com/wp-content/uploads/2026/01/WhatsApp-Image-2026-01-02-at-7.12.16-PM-1.jpeg",,,,,,,,,0,,Horbäach
45664,simple,CAR-OREG-4000-150,,"Aceite de Oregano 4000 mg Carlyle x150 – Defensas naturales",1,0,visible,,"<p data-start=""345"" data-end=""590"">Refuerza tus defensas de forma natural con <strong data-start=""388"" data-end=""455"">Oil of Oregano 4000 mg de <span class=""hover:entity-accent entity-underline inline cursor-pointer align-baseline""><span class=""whitespace-normal"">Carlyle</span></span></strong>, un potente suplemento herbal elaborado con <strong data-start=""500"" data-end=""533"">aceite de orégano concentrado</strong> y <strong data-start=""536"" data-end=""549"">carvacrol</strong>, su compuesto activo más reconocido 🌿✨.</p>\n<p data-start=""592"" data-end=""885"">El aceite de orégano es tradicionalmente utilizado para apoyar el <strong data-start=""658"" data-end=""682"">sistema inmunológico</strong>, el <strong data-start=""687"" data-end=""710"">bienestar digestivo</strong> y ayudar al equilibrio interno del organismo. Ideal para el ritmo de vida en el Perú, especialmente en épocas de cambios de clima, estrés o cuando sientes tus defensas bajas.</p>\n<p data-start=""887"" data-end=""1086"">Su presentación de <strong data-start=""906"" data-end=""943"">150 softgels de liberación rápida</strong>, libres de gluten y non-GMO, es perfecta para un uso continuo. Con el consumo regular, sentirás mayor protección, bienestar y tranquilidad 💚.</p>\n<p data-start=""1088"" data-end=""1153"">👉 <strong data-start=""1091"" data-end=""1153"">Fortalece tus defensas y cuida tu salud de manera natural.</strong></p>\n\n\n<hr data-start=""1155"" data-end=""1158"" />\n\n<h2 data-start=""1160"" data-end=""1187"">3. Beneficios destacados</h2>\n<ul data-start=""1189"" data-end=""1415"">\n 	<li data-start=""1189"" data-end=""1228"">\n<p data-start=""1191"" data-end=""1228"">🛡️ Apoya el <strong data-start=""1204"" data-end=""1228"">sistema inmunológico</strong></p>\n</li>\n 	<li data-start=""1229"" data-end=""1281"">\n<p data-start=""1231"" data-end=""1281"">🌿 Elaborado con <strong data-start=""1248"" data-end=""1281"">aceite de orégano concentrado</strong></p>\n</li>\n 	<li data-start=""1282"" data-end=""1330"">\n<p data-start=""1284"" data-end=""1330"">🦠 Con <strong data-start=""1291"" data-end=""1304"">carvacrol</strong>, compuesto activo natural</p>\n</li>\n 	<li data-start=""1331"" data-end=""1373"">\n<p data-start=""1333"" data-end=""1373"">😌 Contribuye al <strong data-start=""1350"" data-end=""1373"">bienestar digestivo</strong></p>\n</li>\n 	<li data-start=""1374"" data-end=""1415"">\n<p data-start=""1376"" data-end=""1415"">💊 <strong data-start=""1379"" data-end=""1403"">4000 mg equivalentes</strong> por porción</p>\n</li>\n</ul>\n\n<hr data-start=""1417"" data-end=""1420"" />\n\n<h2 data-start=""1422"" data-end=""1449"">Detalles del producto</h2>\n<ul data-start=""1451"" data-end=""1694"">\n 	<li data-start=""1451"" data-end=""1516"">\n<p data-start=""1453"" data-end=""1516""><strong data-start=""1453"" data-end=""1470"">Presentación:</strong> Frasco con 150 softgels (liberación rápida)</p>\n</li>\n 	<li data-start=""1517"" data-end=""1606"">\n<p data-start=""1519"" data-end=""1606""><strong data-start=""1519"" data-end=""1535"">Modo de uso:</strong> Tomar 1 softgel al día con alimentos, o según indicación profesional</p>\n</li>\n 	<li data-start=""1607"" data-end=""1640"">\n<p data-start=""1609"" data-end=""1640""><strong data-start=""1609"" data-end=""1630"">Edad recomendada:</strong> Adultos</p>\n</li>\n 	<li data-start=""1641"" data-end=""1671"">\n<p data-start=""1643"" data-end=""1671""><strong data-start=""1643"" data-end=""1654"">Origen:</strong> Estados Unidos</p>\n</li>\n 	<li data-start=""1672"" data-end=""1694"">\n<p data-start=""1674"" data-end=""1694""><strong data-start=""1674"" data-end=""1684"">Marca:</strong> Carlyle</p>\n</li>\n</ul>",,,taxable,,1,10,,1,0,,,,,1,,,135,"cyber, Ofertas Especiales > Descuentos por tiempo limitado, Mejor Digestión, navidad, Ofertas Especiales, Para ti","aceite de orégano, bienestar digestivo, carlyle oregano oil, defensas naturales, oil of oregano, sistema inmune, suplemento herbal",,"https://comprasaludable.com/wp-content/uploads/2026/01/WhatsApp-Image-2026-01-02-at-7.26.11-PM.jpeg, https://comprasaludable.com/wp-content/uploads/2026/01/WhatsApp-Image-2026-01-02-at-7.26.11-PM-3.jpeg, https://comprasaludable.com/wp-content/uploads/2026/01/WhatsApp-Image-2026-01-02-at-7.26.11-PM-2.jpeg, https://comprasaludable.com/wp-content/uploads/2026/01/WhatsApp-Image-2026-01-02-at-7.26.11-PM-1.jpeg",,,,,,,,,0,,
45676,simple,OBF-TRIPLE-200,,"Osteo Bi-Flex Triple Strength x200 – Articulaciones fuertes y movilidad",1,0,visible,,"<p data-start=""343"" data-end=""518"">Recupera la confianza en cada movimiento con <strong data-start=""388"" data-end=""421"">Osteo Bi-Flex Triple Strength</strong>, uno de los suplementos más recomendados para el <strong data-start=""471"" data-end=""513"">cuidado avanzado de las articulaciones</strong> 🦴✨.</p>\n<p data-start=""520"" data-end=""861"">Su fórmula de <strong data-start=""534"" data-end=""553"">triple potencia</strong> combina <strong data-start=""562"" data-end=""596"">glucosamina, MSM y vitamina D3</strong>, ingredientes clave que ayudan a <strong data-start=""630"" data-end=""663"">fortalecer las articulaciones</strong>, mejorar la <strong data-start=""676"" data-end=""692"">flexibilidad</strong> y apoyar la <strong data-start=""705"" data-end=""719"">salud ósea</strong>. Es ideal para personas con desgaste articular, adultos mayores o quienes mantienen una vida activa y exigen más a su cuerpo en el día a día.</p>\n<p data-start=""863"" data-end=""1114"">Respaldado por <strong data-start=""878"" data-end=""919""><span class=""hover:entity-accent entity-underline inline cursor-pointer align-baseline""><span class=""whitespace-normal"">Osteo Bi-Flex</span></span></strong>, este suplemento está pensado para quienes desean seguir caminando, trabajando y disfrutando sin que el dolor limite su rutina, incluso en actividades comunes como subir escaleras o cargar peso.</p>\n\n<h2 data-start=""1194"" data-end=""1221"">Beneficios destacados</h2>\n<ul data-start=""1223"" data-end=""1468"">\n 	<li data-start=""1223"" data-end=""1280"">\n<p data-start=""1225"" data-end=""1280"">🦴 Ayuda a <strong data-start=""1236"" data-end=""1280"">fortalecer y proteger las articulaciones</strong></p>\n</li>\n 	<li data-start=""1281"" data-end=""1324"">\n<p data-start=""1283"" data-end=""1324"">🔄 Mejora la <strong data-start=""1296"" data-end=""1324"">movilidad y flexibilidad</strong></p>\n</li>\n 	<li data-start=""1325"" data-end=""1374"">\n<p data-start=""1327"" data-end=""1374"">💪 Fórmula <strong data-start=""1338"" data-end=""1357"">Triple Strength</strong> de alta potencia</p>\n</li>\n 	<li data-start=""1375"" data-end=""1417"">\n<p data-start=""1377"" data-end=""1417"">☀️ Con <strong data-start=""1384"" data-end=""1399"">Vitamina D3</strong> para soporte óseo</p>\n</li>\n 	<li data-start=""1418"" data-end=""1468"">\n<p data-start=""1420"" data-end=""1468"">🧘 Ideal para personas activas y adultos mayores</p>\n</li>\n</ul>\n<h2 data-start=""1475"" data-end=""1502"">Detalles del producto</h2>\n<ul data-start=""1504"" data-end=""1755"">\n 	<li data-start=""1504"" data-end=""1561"">\n<p data-start=""1506"" data-end=""1561""><strong data-start=""1506"" data-end=""1523"">Presentación:</strong> Frasco con 200 tabletas recubiertas</p>\n</li>\n 	<li data-start=""1562"" data-end=""1603"">\n<p data-start=""1564"" data-end=""1603""><strong data-start=""1564"" data-end=""1583"">Dosis sugerida:</strong> 2 tabletas al día</p>\n</li>\n 	<li data-start=""1604"" data-end=""1661"">\n<p data-start=""1606"" data-end=""1661""><strong data-start=""1606"" data-end=""1629"">Ingredientes clave:</strong> Glucosamina, MSM, Vitamina D3</p>\n</li>\n 	<li data-start=""1662"" data-end=""1695"">\n<p data-start=""1664"" data-end=""1695""><strong data-start=""1664"" data-end=""1685"">Edad recomendada:</strong> Adultos</p>\n</li>\n 	<li data-start=""1696"" data-end=""1726"">\n<p data-start=""1698"" data-end=""1726""><strong data-start=""1698"" data-end=""1709"">Origen:</strong> Estados Unidos</p>\n</li>\n 	<li data-start=""1727"" data-end=""1755"">\n<p data-start=""1729"" data-end=""1755""><strong data-start=""1729"" data-end=""1739"">Marca:</strong> Osteo Bi-Flex</p>\n</li>\n</ul>",,,taxable,,1,5,,0,0,,,,,1,,,219,"Para ti > Adultos Mayores (50+), Por Necesidad > Dolor Articular, Para ti","articulaciones fuertes, dolor articular, glucosamina msm, movilidad articular, osteo bi flex, salud articular",,"https://comprasaludable.com/wp-content/uploads/2026/01/WhatsApp-Image-2026-01-20-at-3.23.45-PM.jpeg, https://comprasaludable.com/wp-content/uploads/2026/01/WhatsApp-Image-2026-01-20-at-3.23.50-PM.jpeg",,,,,,,,,0,,
45679,simple,CAR-D3-10000-400,,"Vitamina D3 10,000 IU Carlyle x400 – Máxima potencia y defensas",1,0,visible,,"<p data-start=""344"" data-end=""596"">Potencia tu salud al máximo con <strong data-start=""376"" data-end=""452"">Vitamina D3 10,000 IU (250 mcg) de <span class=""hover:entity-accent entity-underline inline cursor-pointer align-baseline""><span class=""whitespace-normal"">Carlyle</span></span></strong>, una fórmula de <strong data-start=""469"" data-end=""491"">alta concentración</strong> diseñada para quienes necesitan un soporte más intenso en <strong data-start=""550"" data-end=""590"">defensas, huesos y bienestar general</strong> ☀️💪.</p>\n<p data-start=""598"" data-end=""931"">La vitamina D3 cumple un rol clave en la <strong data-start=""639"" data-end=""663"">absorción del calcio</strong>, el fortalecimiento de <strong data-start=""687"" data-end=""707"">huesos y dientes</strong>, y el correcto funcionamiento del <strong data-start=""742"" data-end=""766"">sistema inmunológico</strong>.</p>\n<p data-start=""933"" data-end=""1163"">Su presentación de <strong data-start=""952"" data-end=""968"">400 softgels</strong>, libres de gluten, es ideal para tratamientos prolongados, ofreciendo excelente rendimiento y comodidad. Con el uso adecuado, sentirás mayor fortaleza, protección y equilibrio en tu día a día ✨.</p>\n\n<h2 data-start=""1238"" data-end=""1265"">Beneficios destacados</h2>\n<ul data-start=""1267"" data-end=""1491"">\n 	<li data-start=""1267"" data-end=""1318"">\n<p data-start=""1269"" data-end=""1318"">☀️ <strong data-start=""1272"" data-end=""1300"">10,000 IU de Vitamina D3</strong> (máxima potencia)</p>\n</li>\n 	<li data-start=""1319"" data-end=""1356"">\n<p data-start=""1321"" data-end=""1356"">🦴 Apoya la <strong data-start=""1333"" data-end=""1356"">salud ósea y dental</strong></p>\n</li>\n 	<li data-start=""1357"" data-end=""1399"">\n<p data-start=""1359"" data-end=""1399"">🛡️ Refuerza el <strong data-start=""1375"" data-end=""1399"">sistema inmunológico</strong></p>\n</li>\n 	<li data-start=""1400"" data-end=""1436"">\n<p data-start=""1402"" data-end=""1436"">💊 Softgels de <strong data-start=""1417"" data-end=""1436"">fácil absorción</strong></p>\n</li>\n 	<li data-start=""1437"" data-end=""1491"">\n<p data-start=""1439"" data-end=""1491"">📦 Presentación grande ideal para <strong data-start=""1473"" data-end=""1491"">uso prolongado</strong></p>\n</li>\n</ul>\n<h2 data-start=""1498"" data-end=""1525"">Detalles del producto</h2>\n<ul data-start=""1527"" data-end=""1806"">\n 	<li data-start=""1527"" data-end=""1572"">\n<p data-start=""1529"" data-end=""1572""><strong data-start=""1529"" data-end=""1546"">Presentación:</strong> Frasco con 400 softgels</p>\n</li>\n 	<li data-start=""1573"" data-end=""1627"">\n<p data-start=""1575"" data-end=""1627""><strong data-start=""1575"" data-end=""1593"">Concentración:</strong> 10,000 IU (250 mcg) por cápsula</p>\n</li>\n 	<li data-start=""1628"" data-end=""1693"">\n<p data-start=""1630"" data-end=""1693""><strong data-start=""1630"" data-end=""1646"">Modo de uso:</strong> Tomar 1 cápsula según indicación profesional</p>\n</li>\n 	<li data-start=""1694"" data-end=""1727"">\n<p data-start=""1696"" data-end=""1727""><strong data-start=""1696"" data-end=""1717"">Edad recomendada:</strong> Adultos</p>\n</li>\n 	<li data-start=""1728"" data-end=""1752"">\n<p data-start=""1730"" data-end=""1752""><strong data-start=""1730"" data-end=""1743"">Libre de:</strong> Gluten</p>\n</li>\n 	<li data-start=""1753"" data-end=""1783"">\n<p data-start=""1755"" data-end=""1783""><strong data-start=""1755"" data-end=""1766"">Origen:</strong> Estados Unidos</p>\n</li>\n 	<li data-start=""1784"" data-end=""1806"">\n<p data-start=""1786"" data-end=""1806""><strong data-start=""1786"" data-end=""1796"">Marca:</strong> Carlyle</p>\n</li>\n</ul>",,,taxable,,1,8,,0,0,,,,,1,,,148,"Para ti, Productos Destacados, Vitamina D3","carlyle vitamina d3, defensas naturales, salud ósea, suplemento vitamina d, vitamina d alta potencia, vitamina d3 10000 iu",,"https://comprasaludable.com/wp-content/uploads/2026/01/WhatsApp-Image-2026-01-20-at-3.54.42-PM.jpeg, https://comprasaludable.com/wp-content/uploads/2026/01/WhatsApp-Image-2026-01-20-at-3.54.54-PM.jpeg",,,,,,,,,0,,Carlyle
45684,simple,CAR-D3-5000-500,,"Vitamina D3 5000 IU Carlyle x500 – Defensas y huesos fuertes",1,0,visible,,"<p data-start=""343"" data-end=""555"">Refuerza tu salud todos los días con <strong data-start=""380"" data-end=""454"">Vitamina D3 5000 IU (125 mcg) de <span class=""hover:entity-accent entity-underline inline cursor-pointer align-baseline""><span class=""whitespace-normal"">Carlyle</span></span></strong>, una fórmula de <strong data-start=""471"" data-end=""488"">alta potencia</strong> pensada para apoyar <strong data-start=""509"" data-end=""549"">defensas, huesos y bienestar general</strong> ☀️💪.</p>\n<p data-start=""557"" data-end=""888"">La vitamina D3 es clave para la <strong data-start=""589"" data-end=""613"">absorción del calcio</strong>, el mantenimiento de <strong data-start=""635"" data-end=""663"">huesos y dientes fuertes</strong> y el correcto funcionamiento del <strong data-start=""697"" data-end=""721"">sistema inmunológico</strong>.</p>\n<p data-start=""557"" data-end=""888"">Su presentación de <strong data-start=""909"" data-end=""925"">500 softgels</strong>, libres de gluten y de fácil absorción, es ideal para un <strong data-start=""983"" data-end=""1001"">uso prolongado</strong> con excelente rendimiento y comodidad. Con el consumo constante, sentirás mayor fortaleza y equilibrio en tu rutina ✨.</p>\n<p data-start=""557"" data-end=""888"">Beneficios destacados</p>\n\n<ul data-start=""1216"" data-end=""1457"">\n 	<li data-start=""1216"" data-end=""1275"">\n<p data-start=""1218"" data-end=""1275"">☀️ <strong data-start=""1221"" data-end=""1247"">5000 IU de Vitamina D3</strong> por cápsula (alta potencia)</p>\n</li>\n 	<li data-start=""1276"" data-end=""1313"">\n<p data-start=""1278"" data-end=""1313"">🦴 Apoya la <strong data-start=""1290"" data-end=""1313"">salud ósea y dental</strong></p>\n</li>\n 	<li data-start=""1314"" data-end=""1358"">\n<p data-start=""1316"" data-end=""1358"">🛡️ Contribuye al <strong data-start=""1334"" data-end=""1358"">sistema inmunológico</strong></p>\n</li>\n 	<li data-start=""1359"" data-end=""1404"">\n<p data-start=""1361"" data-end=""1404"">💊 Softgels de <strong data-start=""1376"" data-end=""1404"">rápida y fácil absorción</strong></p>\n</li>\n 	<li data-start=""1405"" data-end=""1457"">\n<p data-start=""1407"" data-end=""1457"">📦 Presentación grande ideal para <strong data-start=""1441"" data-end=""1457"">uso continuo</strong></p>\n</li>\n</ul>\n<h2 data-start=""1464"" data-end=""1491"">Detalles del producto</h2>\n<ul data-start=""1493"" data-end=""1794"">\n 	<li data-start=""1493"" data-end=""1538"">\n<p data-start=""1495"" data-end=""1538""><strong data-start=""1495"" data-end=""1512"">Presentación:</strong> Frasco con 500 softgels</p>\n</li>\n 	<li data-start=""1539"" data-end=""1591"">\n<p data-start=""1541"" data-end=""1591""><strong data-start=""1541"" data-end=""1559"">Concentración:</strong> 5000 IU (125 mcg) por cápsula</p>\n</li>\n 	<li data-start=""1592"" data-end=""1681"">\n<p data-start=""1594"" data-end=""1681""><strong data-start=""1594"" data-end=""1610"">Modo de uso:</strong> Tomar 1 cápsula al día con alimentos, o según indicación profesional</p>\n</li>\n 	<li data-start=""1682"" data-end=""1715"">\n<p data-start=""1684"" data-end=""1715""><strong data-start=""1684"" data-end=""1705"">Edad recomendada:</strong> Adultos</p>\n</li>\n 	<li data-start=""1716"" data-end=""1740"">\n<p data-start=""1718"" data-end=""1740""><strong data-start=""1718"" data-end=""1731"">Libre de:</strong> Gluten</p>\n</li>\n 	<li data-start=""1741"" data-end=""1771"">\n<p data-start=""1743"" data-end=""1771""><strong data-start=""1743"" data-end=""1754"">Origen:</strong> Estados Unidos</p>\n</li>\n 	<li data-start=""1772"" data-end=""1794"">\n<p data-start=""1774"" data-end=""1794""><strong data-start=""1774"" data-end=""1784"">Marca:</strong> Carlyle</p>\n</li>\n</ul>",,,taxable,,1,10,,0,0,,,,,1,,,135,"Para ti, Vitamina D3","carlyle vitamina d3, defensas naturales, salud ósea, suplemento vitamina d, vitamina d alta potencia, vitamina d3 5000 iu",,"https://comprasaludable.com/wp-content/uploads/2026/01/WhatsApp-Image-2026-01-20-at-4.51.21-PM.jpeg, https://comprasaludable.com/wp-content/uploads/2026/01/WhatsApp-Image-2026-01-20-at-4.51.23-PM.jpeg",,,,,,,,,0,,Carlyle
45692,simple,NB-FISH-1200-200,,"Fish Oil 1200 mg Nature’s Bounty x200 – Omega-3 para el corazón",1,0,visible,,"<p data-start=""350"" data-end=""597"">Cuida tu corazón todos los días con <strong data-start=""386"" data-end=""447"">Fish Oil 1200 mg de <span class=""hover:entity-accent entity-underline inline cursor-pointer align-baseline""><span class=""whitespace-normal"">Nature’s Bounty</span></span></strong>, un suplemento de <strong data-start=""466"" data-end=""487"">aceite de pescado</strong> con <strong data-start=""492"" data-end=""515"">Omega-3 (EPA y DHA)</strong> que apoya la <strong data-start=""529"" data-end=""553"">salud cardiovascular</strong>, la circulación y el bienestar general ❤️✨.</p>\n<p data-start=""599"" data-end=""839"">Cada porción aporta <strong data-start=""619"" data-end=""640"">360 mg de Omega-3</strong>, ideal para quienes buscan proteger su corazón en el ritmo acelerado de la vida diaria. Sus <strong data-start=""744"" data-end=""777"">softgels de liberación rápida</strong> facilitan la absorción y hacen el consumo cómodo y constante.</p>\n<p data-start=""841"" data-end=""958"">Con el uso regular, sentirás más equilibrio y tranquilidad al cuidar uno de los órganos más importantes de tu cuerpo.</p>\n<p data-start=""960"" data-end=""1011"">👉 <strong data-start=""963"" data-end=""1011"">Protege tu corazón y siéntete bien cada día.</strong></p>\n\n\n<hr data-start=""1013"" data-end=""1016"" />\n\n<h2 data-start=""1018"" data-end=""1045"">Beneficios destacados</h2>\n<ul data-start=""1047"" data-end=""1270"">\n 	<li data-start=""1047"" data-end=""1082"">\n<p data-start=""1049"" data-end=""1082"">❤️ Apoya la <strong data-start=""1061"" data-end=""1082"">salud del corazón</strong></p>\n</li>\n 	<li data-start=""1083"" data-end=""1136"">\n<p data-start=""1085"" data-end=""1136"">🐟 Con <strong data-start=""1092"" data-end=""1115"">Omega-3 (EPA y DHA)</strong> de aceite de pescado</p>\n</li>\n 	<li data-start=""1137"" data-end=""1184"">\n<p data-start=""1139"" data-end=""1184"">🔄 Contribuye a una <strong data-start=""1159"" data-end=""1184"">circulación saludable</strong></p>\n</li>\n 	<li data-start=""1185"" data-end=""1232"">\n<p data-start=""1187"" data-end=""1232"">💊 <strong data-start=""1190"" data-end=""1211"">Liberación rápida</strong> para mejor absorción</p>\n</li>\n 	<li data-start=""1233"" data-end=""1270"">\n<p data-start=""1235"" data-end=""1270"">⚡ Favorece el <strong data-start=""1249"" data-end=""1270"">bienestar general</strong></p>\n</li>\n</ul>\n<span style=""color: #666666; font-size: 1.25rem;"">Detalles del producto</span>\n<ul data-start=""1306"" data-end=""1649"">\n 	<li data-start=""1306"" data-end=""1372"">\n<p data-start=""1308"" data-end=""1372""><strong data-start=""1308"" data-end=""1325"">Presentación:</strong> Frasco con 200 softgels de liberación rápida</p>\n</li>\n 	<li data-start=""1373"" data-end=""1427"">\n<p data-start=""1375"" data-end=""1427""><strong data-start=""1375"" data-end=""1393"">Concentración:</strong> 1200 mg de Fish Oil por cápsula</p>\n</li>\n 	<li data-start=""1428"" data-end=""1463"">\n<p data-start=""1430"" data-end=""1463""><strong data-start=""1430"" data-end=""1442"">Omega-3:</strong> 360 mg por porción</p>\n</li>\n 	<li data-start=""1464"" data-end=""1553"">\n<p data-start=""1466"" data-end=""1553""><strong data-start=""1466"" data-end=""1482"">Modo de uso:</strong> Tomar 1 softgel al día con alimentos, o según indicación profesional</p>\n</li>\n 	<li data-start=""1554"" data-end=""1587"">\n<p data-start=""1556"" data-end=""1587""><strong data-start=""1556"" data-end=""1577"">Edad recomendada:</strong> Adultos</p>\n</li>\n 	<li data-start=""1588"" data-end=""1618"">\n<p data-start=""1590"" data-end=""1618""><strong data-start=""1590"" data-end=""1601"">Origen:</strong> Estados Unidos</p>\n</li>\n 	<li data-start=""1619"" data-end=""1649"">\n<p data-start=""1621"" data-end=""1649""><strong data-start=""1621"" data-end=""1631"">Marca:</strong> Nature’s Bounty</p>\n</li>\n</ul>\n\n<hr data-start=""1651"" data-end=""1654"" />\n\n<h2 data-start=""1656"" data-end=""1670""></h2>",,,taxable,,1,10,,0,0,,,,,1,,,149,"cyber, Mejor Inmunidad, Vitaminas y Suplementos > Omega 3 y aceites","aceite de pescado, fish oil, nature’s bounty fish oil, omega 3, omega 3 cápsulas, salud del corazón",,"https://comprasaludable.com/wp-content/uploads/2026/02/WhatsApp-Image-2026-02-05-at-3.19.47-PM.jpeg, https://comprasaludable.com/wp-content/uploads/2026/02/WhatsApp-Image-2026-02-05-at-3.15.30-PM.jpeg",,,,,,,,,0,,"Nature’s Bounty"
45696,simple,SUN-NUTRUM-AZ-120,,"Nutrum A to Z Sun Vitamins x120 – Multivitamínico completo diario",1,0,visible,,"<p data-start=""355"" data-end=""586"">Refuerza tu energía y cuida tu salud todos los días con <strong data-start=""411"" data-end=""469"">Nutrum A to Z de <span class=""hover:entity-accent entity-underline inline cursor-pointer align-baseline""><span class=""whitespace-normal"">Sun Vitamins</span></span></strong>, un <strong data-start=""474"" data-end=""517"">multivitamínico y multimineral avanzado</strong> diseñado para cubrir las necesidades nutricionales del día a día ⚡✨.</p>\n<p data-start=""588"" data-end=""925"">Su fórmula <strong data-start=""599"" data-end=""609"">A to Z</strong> combina vitaminas y minerales esenciales que apoyan el <strong data-start=""665"" data-end=""689"">sistema inmunológico</strong>, la <strong data-start=""694"" data-end=""705"">energía</strong>, la <strong data-start=""710"" data-end=""727"">concentración</strong> y el <strong data-start=""733"" data-end=""754"">bienestar general</strong>. Es ideal para personas con jornadas largas, estrés, alimentación irregular o que buscan mantener un buen rendimiento físico y mental en el ritmo de vida.</p>\n<p data-start=""927"" data-end=""1045"">Con su consumo constante, sentirás más vitalidad, equilibrio y protección para afrontar cada día con mejor actitud 💙.</p>\n<p data-start=""1047"" data-end=""1117"">👉 <strong data-start=""1050"" data-end=""1117"">Cuida tu cuerpo desde adentro y mantente activo todos los días.</strong></p>\n\n<h2 data-start=""1124"" data-end=""1151"">Beneficios destacados</h2>\n<ul data-start=""1153"" data-end=""1370"">\n 	<li data-start=""1153"" data-end=""1184"">\n<p data-start=""1155"" data-end=""1184"">⚡ Apoya la <strong data-start=""1166"" data-end=""1184"">energía diaria</strong></p>\n</li>\n 	<li data-start=""1185"" data-end=""1227"">\n<p data-start=""1187"" data-end=""1227"">🛡️ Refuerza el <strong data-start=""1203"" data-end=""1227"">sistema inmunológico</strong></p>\n</li>\n 	<li data-start=""1228"" data-end=""1276"">\n<p data-start=""1230"" data-end=""1276"">🧠 Contribuye a la <strong data-start=""1249"" data-end=""1276"">concentración y enfoque</strong></p>\n</li>\n 	<li data-start=""1277"" data-end=""1315"">\n<p data-start=""1279"" data-end=""1315"">❤️ Favorece el <strong data-start=""1294"" data-end=""1315"">bienestar general</strong></p>\n</li>\n 	<li data-start=""1316"" data-end=""1370"">\n<p data-start=""1318"" data-end=""1370"">💊 Fórmula completa de <strong data-start=""1341"" data-end=""1370"">vitaminas y minerales A–Z</strong></p>\n</li>\n</ul>\n\n<hr data-start=""1372"" data-end=""1375"" />\n\n<h2 data-start=""1377"" data-end=""1404"">Detalles del producto</h2>\n<ul data-start=""1406"" data-end=""1653"">\n 	<li data-start=""1406"" data-end=""1451"">\n<p data-start=""1408"" data-end=""1451""><strong data-start=""1408"" data-end=""1425"">Presentación:</strong> Frasco con 120 tabletas</p>\n</li>\n 	<li data-start=""1452"" data-end=""1502"">\n<p data-start=""1454"" data-end=""1502""><strong data-start=""1454"" data-end=""1466"">Fórmula:</strong> Multivitaminas y minerales A to Z</p>\n</li>\n 	<li data-start=""1503"" data-end=""1560"">\n<p data-start=""1505"" data-end=""1560""><strong data-start=""1505"" data-end=""1521"">Modo de uso:</strong> Tomar 1 tableta diaria con alimentos</p>\n</li>\n 	<li data-start=""1561"" data-end=""1594"">\n<p data-start=""1563"" data-end=""1594""><strong data-start=""1563"" data-end=""1584"">Edad recomendada:</strong> Adultos</p>\n</li>\n 	<li data-start=""1595"" data-end=""1625"">\n<p data-start=""1597"" data-end=""1625""><strong data-start=""1597"" data-end=""1608"">Origen:</strong> Estados Unidos</p>\n</li>\n 	<li data-start=""1626"" data-end=""1653"">\n<p data-start=""1628"" data-end=""1653""><strong data-start=""1628"" data-end=""1638"">Marca:</strong> Sun Vitamins</p>\n</li>\n</ul>",,,taxable,,1,100,,0,0,,,,,1,,,138,"Ofertas Especiales > 2x1 y Combos, Ofertas Especiales > Descuentos por tiempo limitado, Vitaminas y Suplementos > Multivitamínicos, Ofertas Especiales, Para ti","defensas naturales, energía diaria, multivitaminas adultos, multivitamínico sun vitamins, nutrum a to z, vitaminas a z",,https://comprasaludable.com/wp-content/uploads/2026/02/WhatsApp-Image-2026-02-04-at-9.30.26-PM.jpeg,,,,,,,,,0,,"Sun Vitamins"
45699,simple,SUN-MAG-CIT-1313-90,,"Magnesium Citrate 1313 mg Sun Vitamins x90 – Relajación y músculos",1,0,visible,,"<p data-start=""359"" data-end=""578"">Apoya tu bienestar diario con <strong data-start=""389"" data-end=""459"">Magnesium Citrate 1313 mg de <span class=""hover:entity-accent entity-underline inline cursor-pointer align-baseline""><span class=""whitespace-normal"">Sun Vitamins</span></span></strong>, una fórmula de <strong data-start=""476"" data-end=""494"">alta absorción</strong> diseñada para cuidar el <strong data-start=""519"" data-end=""539"">sistema nervioso</strong>, los <strong data-start=""545"" data-end=""557"">músculos</strong> y el <strong data-start=""563"" data-end=""574"">corazón</strong> 💛.</p>\n<p data-start=""580"" data-end=""911"">El <strong data-start=""583"" data-end=""603"">magnesio citrato</strong> es una de las formas más biodisponibles de magnesio, ideal para personas que sienten <strong data-start=""689"" data-end=""742"">cansancio, estrés, calambres musculares o tensión</strong>. En el ritmo de vida actual largas jornadas, estrés y poco descanso— este suplemento se convierte en un gran aliado para recuperar el equilibrio y la calma.</p>\n<p data-start=""913"" data-end=""1057"">Con el uso regular, notarás mayor <strong data-start=""947"" data-end=""961"">relajación</strong>, mejor <strong data-start=""969"" data-end=""989"">función muscular</strong> y una sensación general de bienestar que te acompaña todo el día ✨.</p>\n<p data-start=""1059"" data-end=""1125"">👉 <strong data-start=""1062"" data-end=""1125"">Relaja tu cuerpo, calma tu mente y siéntete mejor cada día.</strong></p>\n\n<h2 data-start=""1132"" data-end=""1159"">Beneficios destacados</h2>\n<ul data-start=""1161"" data-end=""1373"">\n 	<li data-start=""1161"" data-end=""1195"">\n<p data-start=""1163"" data-end=""1195"">🧠 Apoya el <strong data-start=""1175"" data-end=""1195"">sistema nervioso</strong></p>\n</li>\n 	<li data-start=""1196"" data-end=""1247"">\n<p data-start=""1198"" data-end=""1247"">💪 Contribuye a la <strong data-start=""1217"" data-end=""1247"">función muscular saludable</strong></p>\n</li>\n 	<li data-start=""1248"" data-end=""1286"">\n<p data-start=""1250"" data-end=""1286"">❤️ Favorece la <strong data-start=""1265"" data-end=""1286"">salud del corazón</strong></p>\n</li>\n 	<li data-start=""1287"" data-end=""1329"">\n<p data-start=""1289"" data-end=""1329"">⚡ Ayuda a reducir <strong data-start=""1307"" data-end=""1329"">fatiga y calambres</strong></p>\n</li>\n 	<li data-start=""1330"" data-end=""1373"">\n<p data-start=""1332"" data-end=""1373"">💊 Magnesio citrato de <strong data-start=""1355"" data-end=""1373"">alta absorción</strong></p>\n</li>\n</ul>\n\n<hr data-start=""1375"" data-end=""1378"" />\n\n<h2 data-start=""1380"" data-end=""1407"">Detalles del producto</h2>\n<ul data-start=""1409"" data-end=""1671"">\n 	<li data-start=""1409"" data-end=""1452"">\n<p data-start=""1411"" data-end=""1452""><strong data-start=""1411"" data-end=""1428"">Presentación:</strong> Frasco con 90 caplets</p>\n</li>\n 	<li data-start=""1453"" data-end=""1495"">\n<p data-start=""1455"" data-end=""1495""><strong data-start=""1455"" data-end=""1473"">Concentración:</strong> 1313 mg por porción</p>\n</li>\n 	<li data-start=""1496"" data-end=""1578"">\n<p data-start=""1498"" data-end=""1578""><strong data-start=""1498"" data-end=""1514"">Modo de uso:</strong> Tomar según indicación del envase o recomendación profesional</p>\n</li>\n 	<li data-start=""1579"" data-end=""1612"">\n<p data-start=""1581"" data-end=""1612""><strong data-start=""1581"" data-end=""1602"">Edad recomendada:</strong> Adultos</p>\n</li>\n 	<li data-start=""1613"" data-end=""1643"">\n<p data-start=""1615"" data-end=""1643""><strong data-start=""1615"" data-end=""1626"">Origen:</strong> Estados Unidos</p>\n</li>\n 	<li data-start=""1644"" data-end=""1671"">\n<p data-start=""1646"" data-end=""1671""><strong data-start=""1646"" data-end=""1656"">Marca:</strong> Sun Vitamins</p>\n</li>\n</ul>\n\n<hr data-start=""1673"" data-end=""1676"" />\n\n<h2 data-start=""1678"" data-end=""1692""></h2>",,,taxable,,1,99,,0,0,,,,,1,,,1170,"Por Necesidad > Estrés y Relajación, Vitaminas y Suplementos > Magnesio, Para ti","magnesio citrato, magnesium citrate, relajación muscular, sistema nervioso, sun vitamins magnesio, suplemento magnesio",,https://comprasaludable.com/wp-content/uploads/2026/02/WhatsApp-Image-2026-02-04-at-9.13.50-PM.jpeg,,,,,,,,,0,,"Sun Vitamins"
45701,simple,,,"Resveratrol 700 mg Sun Vitamins x60 – Antioxidante y anti-edad",1,0,visible,,"<p data-start=""361"" data-end=""587"">Protege tu cuerpo desde adentro con <strong data-start=""397"" data-end=""460"">Resveratrol 700 mg de <span class=""hover:entity-accent entity-underline inline cursor-pointer align-baseline""><span class=""whitespace-normal"">Sun Vitamins</span></span></strong>, un potente suplemento con <strong data-start=""488"" data-end=""517"">propiedades antioxidantes</strong> que apoya la <strong data-start=""531"" data-end=""548"">salud celular</strong> y el <strong data-start=""554"" data-end=""582"">envejecimiento saludable</strong> 🍇✨.</p>\n<p data-start=""589"" data-end=""954"">El <strong data-start=""592"" data-end=""607"">resveratrol</strong> es un compuesto natural reconocido por ayudar a combatir el <strong data-start=""668"" data-end=""688"">estrés oxidativo</strong>, apoyar la <strong data-start=""700"" data-end=""724"">salud cardiovascular</strong> y contribuir a una sensación general de vitalidad. Es ideal para personas que buscan cuidar su bienestar en el ritmo exigente del día a día, donde el estrés, la contaminación y las largas jornadas pueden pasar factura.</p>\n<p data-start=""956"" data-end=""1084"">Con su consumo regular, sentirás mayor equilibrio, protección y una energía más estable para afrontar cada día con confianza 💙.</p>\n<p data-start=""1086"" data-end=""1146"">👉 <strong data-start=""1089"" data-end=""1146"">Cuida tus células hoy y siéntete bien por más tiempo.</strong></p>\n\n\n<hr data-start=""1148"" data-end=""1151"" />\n\n<h2 data-start=""1153"" data-end=""1180"">Beneficios destacados</h2>\n<ul data-start=""1182"" data-end=""1383"">\n 	<li data-start=""1182"" data-end=""1211"">\n<p data-start=""1184"" data-end=""1211"">🍇 Potente <strong data-start=""1195"" data-end=""1211"">antioxidante</strong></p>\n</li>\n 	<li data-start=""1212"" data-end=""1243"">\n<p data-start=""1214"" data-end=""1243"">🧬 Apoya la <strong data-start=""1226"" data-end=""1243"">salud celular</strong></p>\n</li>\n 	<li data-start=""1244"" data-end=""1291"">\n<p data-start=""1246"" data-end=""1291"">❤️ Contribuye al <strong data-start=""1263"" data-end=""1291"">bienestar cardiovascular</strong></p>\n</li>\n 	<li data-start=""1292"" data-end=""1336"">\n<p data-start=""1294"" data-end=""1336"">✨ Favorece un <strong data-start=""1308"" data-end=""1336"">envejecimiento saludable</strong></p>\n</li>\n 	<li data-start=""1337"" data-end=""1383"">\n<p data-start=""1339"" data-end=""1383"">💊 <strong data-start=""1342"" data-end=""1352"">700 mg</strong> de máxima potencia por cápsula</p>\n</li>\n</ul>\n\n<hr data-start=""1385"" data-end=""1388"" />\n\n<h2 data-start=""1390"" data-end=""1417"">Detalles del producto</h2>\n<ul data-start=""1419"" data-end=""1656"">\n 	<li data-start=""1419"" data-end=""1463"">\n<p data-start=""1421"" data-end=""1463""><strong data-start=""1421"" data-end=""1438"">Presentación:</strong> Frasco con 60 cápsulas</p>\n</li>\n 	<li data-start=""1464"" data-end=""1505"">\n<p data-start=""1466"" data-end=""1505""><strong data-start=""1466"" data-end=""1484"">Concentración:</strong> 700 mg por cápsula</p>\n</li>\n 	<li data-start=""1506"" data-end=""1563"">\n<p data-start=""1508"" data-end=""1563""><strong data-start=""1508"" data-end=""1524"">Modo de uso:</strong> Tomar 1 cápsula al día con alimentos</p>\n</li>\n 	<li data-start=""1564"" data-end=""1597"">\n<p data-start=""1566"" data-end=""1597""><strong data-start=""1566"" data-end=""1587"">Edad recomendada:</strong> Adultos</p>\n</li>\n 	<li data-start=""1598"" data-end=""1628"">\n<p data-start=""1600"" data-end=""1628""><strong data-start=""1600"" data-end=""1611"">Origen:</strong> Estados Unidos</p>\n</li>\n 	<li data-start=""1629"" data-end=""1656"">\n<p data-start=""1631"" data-end=""1656""><strong data-start=""1631"" data-end=""1641"">Marca:</strong> Sun Vitamins</p>\n</li>\n</ul>",,,taxable,,1,,,0,0,,,,,1,,,,"Por Necesidad > Más Energía y Vitalidad, Para ti",,,https://comprasaludable.com/wp-content/uploads/2026/02/WhatsApp-Image-2026-02-09-at-3.04.51-PM.jpeg,,,,,,,,,0,,
45717,simple,,,"Vitamina K2 + D3 Carlyle x300 cápsulas – Alta potencia",1,0,visible,,"<h2 data-section-id=""9qbl37"" data-start=""277"" data-end=""317"">Descripción</h2>\n<p data-start=""319"" data-end=""535"">Cuida tus huesos y tu salud cardiovascular con <strong data-start=""366"" data-end=""427"">Vitamina K2 + D3 de <span class=""hover:entity-accent entity-underline inline cursor-pointer align-baseline""><span class=""whitespace-normal"">Carlyle</span></span></strong>, una combinación esencial que potencia la absorción y correcta utilización del calcio en el organismo 🦴❤️.</p>\n<p data-start=""537"" data-end=""760"">La <strong data-start=""540"" data-end=""555"">vitamina D3</strong> ayuda a mejorar la absorción del calcio, mientras que la <strong data-start=""613"" data-end=""628"">vitamina K2</strong> contribuye a dirigirlo hacia los huesos y evitar su acumulación en arterias, promoviendo así una mejor salud ósea y cardiovascular.</p>\n<p data-start=""762"" data-end=""840"">Su presentación en cápsulas blandas facilita la absorción y el consumo diario.</p>\n\n<h2 data-section-id=""80w2r6"" data-start=""931"" data-end=""959"">Beneficios</h2>\n<p data-start=""961"" data-end=""1001"">🦴 Favorece la <strong data-start=""976"" data-end=""1001"">salud ósea y densidad</strong></p>\n<p data-start=""1003"" data-end=""1039"">❤️ Apoya la <strong data-start=""1015"" data-end=""1039"">salud cardiovascular</strong></p>\n<p data-start=""1041"" data-end=""1078"">☀️ Mejora la <strong data-start=""1054"" data-end=""1078"">absorción del calcio</strong></p>\n<p data-start=""1080"" data-end=""1135"">🔬 Optimiza la <strong data-start=""1095"" data-end=""1135"">distribución del calcio en el cuerpo</strong></p>\n<p data-start=""1137"" data-end=""1166"">💊 Alta <strong data-start=""1145"" data-end=""1166"">biodisponibilidad</strong></p>\n<p data-start=""1168"" data-end=""1207"">🌱 Libre de <strong data-start=""1180"" data-end=""1207"">gluten (según etiqueta)</strong></p>\n\n\n<hr data-start=""1209"" data-end=""1212"" />\n\n<h2 data-section-id=""4vwiie"" data-start=""1214"" data-end=""1242"">4️⃣ Detalles del producto</h2>\n<ul data-start=""1244"" data-end=""1556"">\n 	<li data-section-id=""36e0aq"" data-start=""1244"" data-end=""1266""><strong data-start=""1246"" data-end=""1256"">Marca:</strong> Carlyle</li>\n 	<li data-section-id=""1ovsmmr"" data-start=""1267"" data-end=""1300""><strong data-start=""1269"" data-end=""1282"">Producto:</strong> Vitamin K2 + D3</li>\n 	<li data-section-id=""17eby4z"" data-start=""1301"" data-end=""1354""><strong data-start=""1303"" data-end=""1320"">Presentación:</strong> 300 cápsulas blandas (softgels)</li>\n 	<li data-section-id=""t1rier"" data-start=""1355"" data-end=""1390""><strong data-start=""1357"" data-end=""1366"">Tipo:</strong> Suplemento vitamínico</li>\n 	<li data-section-id=""1as13ph"" data-start=""1391"" data-end=""1437""><strong data-start=""1393"" data-end=""1409"">Combinación:</strong> Vitamina K2 + Vitamina D3</li>\n 	<li data-section-id=""jycjwb"" data-start=""1438"" data-end=""1491""><strong data-start=""1440"" data-end=""1457"">Uso sugerido:</strong> Según indicación del fabricante</li>\n 	<li data-section-id=""1x6wpz3"" data-start=""1492"" data-end=""1525""><strong data-start=""1494"" data-end=""1515"">Edad recomendada:</strong> Adultos</li>\n 	<li data-section-id=""18xdcij"" data-start=""1526"" data-end=""1556""><strong data-start=""1528"" data-end=""1539"">Origen:</strong> Estados Unidos</li>\n</ul>",,,taxable,,1,,,0,0,,,,,1,,,149,"Para ti, Vitamina D3",CAR-K2D3-300,,"https://comprasaludable.com/wp-content/uploads/2026/03/k21.jpeg, https://comprasaludable.com/wp-content/uploads/2026/03/k24.jpeg, https://comprasaludable.com/wp-content/uploads/2026/03/k23.jpeg, https://comprasaludable.com/wp-content/uploads/2026/03/k25.jpeg",,,,,,,,,0,,Carlyle
